countyCode,countyName,cityCode,cityName,cityType
110101,东城区,110000,北京市,市辖区
110102,西城区,110000,北京市,市辖区
110105,朝阳区,110000,北京市,市辖区
110106,丰台区,110000,北京市,市辖区
110107,石景山区,110000,北京市,市辖区
110108,海淀区,110000,北京市,市辖区
110109,门头沟区,110000,北京市,市辖区
110111,房山区,110000,北京市,市辖区
110112,通州区,110000,北京市,市辖区
110113,顺义区,110000,北京市,市辖区
110114,昌平区,110000,北京市,市辖区
110115,大兴区,110000,北京市,市辖区
110116,怀柔区,110000,北京市,市辖区
110117,平谷区,110000,北京市,市辖区
110118,密云区,110000,北京市,市辖区
110119,延庆区,110000,北京市,市辖区
120101,和平区,120000,天津市,市辖区
120102,河东区,120000,天津市,市辖区
120103,河西区,120000,天津市,市辖区
120104,南开区,120000,天津市,市辖区
120105,河北区,120000,天津市,市辖区
120106,红桥区,120000,天津市,市辖区
120110,东丽区,120000,天津市,市辖区
120111,西青区,120000,天津市,市辖区
120112,津南区,120000,天津市,市辖区
120113,北辰区,120000,天津市,市辖区
120114,武清区,120000,天津市,市辖区
120115,宝坻区,120000,天津市,市辖区
120116,滨海新区,120000,天津市,市辖区
120117,宁河区,120000,天津市,市辖区
120118,静海区,120000,天津市,市辖区
120119,蓟州区,120000,天津市,市辖区
130102,长安区,130100,石家庄市,市辖区
130104,桥西区,130100,石家庄市,市辖区
130105,新华区,130100,石家庄市,市辖区
130107,井陉矿区,130100,石家庄市,市辖区
130108,裕华区,130100,石家庄市,市辖区
130109,藁城区,130100,石家庄市,市辖区
130110,鹿泉区,130100,石家庄市,市辖区
130111,栾城区,130100,石家庄市,市辖区
130121,井陉县,130100,石家庄市,县
130123,正定县,130100,石家庄市,县
130125,行唐县,130100,石家庄市,县
130126,灵寿县,130100,石家庄市,县
130127,高邑县,130100,石家庄市,县
130128,深泽县,130100,石家庄市,县
130129,赞皇县,130100,石家庄市,县
130130,无极县,130100,石家庄市,县
130131,平山县,130100,石家庄市,县
130132,元氏县,130100,石家庄市,县
130133,赵县,130100,石家庄市,县
130181,辛集市,130100,石家庄市,县级市
130183,晋州市,130100,石家庄市,县级市
130184,新乐市,130100,石家庄市,县级市
130202,路南区,130200,唐山市,市辖区
130203,路北区,130200,唐山市,市辖区
130204,古冶区,130200,唐山市,市辖区
130205,开平区,130200,唐山市,市辖区
130207,丰南区,130200,唐山市,市辖区
130208,丰润区,130200,唐山市,市辖区
130209,曹妃甸区,130200,唐山市,市辖区
130224,滦南县,130200,唐山市,县
130225,乐亭县,130200,唐山市,县
130227,迁西县,130200,唐山市,县
130229,玉田县,130200,唐山市,县
130281,遵化市,130200,唐山市,县级市
130283,迁安市,130200,唐山市,县级市
130284,滦州市,130200,唐山市,县级市
130302,海港区,130300,秦皇岛市,市辖区
130303,山海关区,130300,秦皇岛市,市辖区
130304,北戴河区,130300,秦皇岛市,市辖区
130306,抚宁区,130300,秦皇岛市,市辖区
130321,青龙满族自治县,130300,秦皇岛市,自治县
130322,昌黎县,130300,秦皇岛市,县
130324,卢龙县,130300,秦皇岛市,县
130402,邯山区,130400,邯郸市,市辖区
130403,丛台区,130400,邯郸市,市辖区
130404,复兴区,130400,邯郸市,市辖区
130406,峰峰矿区,130400,邯郸市,市辖区
130407,肥乡区,130400,邯郸市,市辖区
130408,永年区,130400,邯郸市,市辖区
130423,临漳县,130400,邯郸市,县
130424,成安县,130400,邯郸市,县
130425,大名县,130400,邯郸市,县
130426,涉县,130400,邯郸市,县
130427,磁县,130400,邯郸市,县
130430,邱县,130400,邯郸市,县
130431,鸡泽县,130400,邯郸市,县
130432,广平县,130400,邯郸市,县
130433,馆陶县,130400,邯郸市,县
130434,魏县,130400,邯郸市,县
130435,曲周县,130400,邯郸市,县
130481,武安市,130400,邯郸市,县级市
130502,桥东区,130500,邢台市,市辖区
130503,桥西区,130500,邢台市,市辖区
130521,邢台县,130500,邢台市,县
130522,临城县,130500,邢台市,县
130523,内丘县,130500,邢台市,县
130524,柏乡县,130500,邢台市,县
130525,隆尧县,130500,邢台市,县
130526,任县,130500,邢台市,县
130527,南和县,130500,邢台市,县
130528,宁晋县,130500,邢台市,县
130529,巨鹿县,130500,邢台市,县
130530,新河县,130500,邢台市,县
130531,广宗县,130500,邢台市,县
130532,平乡县,130500,邢台市,县
130533,威县,130500,邢台市,县
130534,清河县,130500,邢台市,县
130535,临西县,130500,邢台市,县
130581,南宫市,130500,邢台市,县级市
130582,沙河市,130500,邢台市,县级市
130602,竞秀区,130600,保定市,市辖区
130606,莲池区,130600,保定市,市辖区
130607,满城区,130600,保定市,市辖区
130608,清苑区,130600,保定市,市辖区
130609,徐水区,130600,保定市,市辖区
130623,涞水县,130600,保定市,县
130624,阜平县,130600,保定市,县
130626,定兴县,130600,保定市,县
130627,唐县,130600,保定市,县
130628,高阳县,130600,保定市,县
130629,容城县,130600,保定市,县
130630,涞源县,130600,保定市,县
130631,望都县,130600,保定市,县
130632,安新县,130600,保定市,县
130633,易县,130600,保定市,县
130634,曲阳县,130600,保定市,县
130635,蠡县,130600,保定市,县
130636,顺平县,130600,保定市,县
130637,博野县,130600,保定市,县
130638,雄县,130600,保定市,县
130681,涿州市,130600,保定市,县级市
130682,定州市,130600,保定市,县级市
130683,安国市,130600,保定市,县级市
130684,高碑店市,130600,保定市,县级市
130702,桥东区,130700,张家口市,市辖区
130703,桥西区,130700,张家口市,市辖区
130705,宣化区,130700,张家口市,市辖区
130706,下花园区,130700,张家口市,市辖区
130708,万全区,130700,张家口市,市辖区
130709,崇礼区,130700,张家口市,市辖区
130722,张北县,130700,张家口市,县
130723,康保县,130700,张家口市,县
130724,沽源县,130700,张家口市,县
130725,尚义县,130700,张家口市,县
130726,蔚县,130700,张家口市,县
130727,阳原县,130700,张家口市,县
130728,怀安县,130700,张家口市,县
130730,怀来县,130700,张家口市,县
130731,涿鹿县,130700,张家口市,县
130732,赤城县,130700,张家口市,县
130802,双桥区,130800,承德市,市辖区
130803,双滦区,130800,承德市,市辖区
130804,鹰手营子矿区,130800,承德市,市辖区
130821,承德县,130800,承德市,县
130822,兴隆县,130800,承德市,县
130824,滦平县,130800,承德市,县
130825,隆化县,130800,承德市,县
130826,丰宁满族自治县,130800,承德市,自治县
130827,宽城满族自治县,130800,承德市,自治县
130828,围场满族蒙古族自治县,130800,承德市,自治县
130881,平泉市,130800,承德市,县级市
130902,新华区,130900,沧州市,市辖区
130903,运河区,130900,沧州市,市辖区
130921,沧县,130900,沧州市,县
130922,青县,130900,沧州市,县
130923,东光县,130900,沧州市,县
130924,海兴县,130900,沧州市,县
130925,盐山县,130900,沧州市,县
130926,肃宁县,130900,沧州市,县
130927,南皮县,130900,沧州市,县
130928,吴桥县,130900,沧州市,县
130929,献县,130900,沧州市,县
130930,孟村回族自治县,130900,沧州市,自治县
130981,泊头市,130900,沧州市,县级市
130982,任丘市,130900,沧州市,县级市
130983,黄骅市,130900,沧州市,县级市
130984,河间市,130900,沧州市,县级市
131002,安次区,131000,廊坊市,市辖区
131003,广阳区,131000,廊坊市,市辖区
131022,固安县,131000,廊坊市,县
131023,永清县,131000,廊坊市,县
131024,香河县,131000,廊坊市,县
131025,大城县,131000,廊坊市,县
131026,文安县,131000,廊坊市,县
131028,大厂回族自治县,131000,廊坊市,自治县
131081,霸州市,131000,廊坊市,县级市
131082,三河市,131000,廊坊市,县级市
131102,桃城区,131100,衡水市,市辖区
131103,冀州区,131100,衡水市,市辖区
131121,枣强县,131100,衡水市,县
131122,武邑县,131100,衡水市,县
131123,武强县,131100,衡水市,县
131124,饶阳县,131100,衡水市,县
131125,安平县,131100,衡水市,县
131126,故城县,131100,衡水市,县
131127,景县,131100,衡水市,县
131128,阜城县,131100,衡水市,县
131182,深州市,131100,衡水市,县级市
140105,小店区,140100,太原市,市辖区
140106,迎泽区,140100,太原市,市辖区
140107,杏花岭区,140100,太原市,市辖区
140108,尖草坪区,140100,太原市,市辖区
140109,万柏林区,140100,太原市,市辖区
140110,晋源区,140100,太原市,市辖区
140121,清徐县,140100,太原市,县
140122,阳曲县,140100,太原市,县
140123,娄烦县,140100,太原市,县
140181,古交市,140100,太原市,县级市
140212,新荣区,140200,大同市,市辖区
140213,平城区,140200,大同市,市辖区
140214,云冈区,140200,大同市,市辖区
140215,云州区,140200,大同市,市辖区
140221,阳高县,140200,大同市,县
140222,天镇县,140200,大同市,县
140223,广灵县,140200,大同市,县
140224,灵丘县,140200,大同市,县
140225,浑源县,140200,大同市,县
140226,左云县,140200,大同市,县
140302,城区,140300,阳泉市,市辖区
140303,矿区,140300,阳泉市,市辖区
140311,郊区,140300,阳泉市,市辖区
140321,平定县,140300,阳泉市,县
140322,盂县,140300,阳泉市,县
140403,潞州区,140400,长治市,市辖区
140404,上党区,140400,长治市,市辖区
140405,屯留区,140400,长治市,市辖区
140406,潞城区,140400,长治市,市辖区
140423,襄垣县,140400,长治市,县
140425,平顺县,140400,长治市,县
140426,黎城县,140400,长治市,县
140427,壶关县,140400,长治市,县
140428,长子县,140400,长治市,县
140429,武乡县,140400,长治市,县
140430,沁县,140400,长治市,县
140431,沁源县,140400,长治市,县
140502,城区,140500,晋城市,市辖区
140521,沁水县,140500,晋城市,县
140522,阳城县,140500,晋城市,县
140524,陵川县,140500,晋城市,县
140525,泽州县,140500,晋城市,县
140581,高平市,140500,晋城市,县级市
140602,朔城区,140600,朔州市,市辖区
140603,平鲁区,140600,朔州市,市辖区
140621,山阴县,140600,朔州市,县
140622,应县,140600,朔州市,县
140623,右玉县,140600,朔州市,县
140681,怀仁市,140600,朔州市,县级市
140702,榆次区,140700,晋中市,市辖区
140703,太谷区,140700,晋中市,市辖区
140721,榆社县,140700,晋中市,县
140722,左权县,140700,晋中市,县
140723,和顺县,140700,晋中市,县
140724,昔阳县,140700,晋中市,县
140725,寿阳县,140700,晋中市,县
140727,祁县,140700,晋中市,县
140728,平遥县,140700,晋中市,县
140729,灵石县,140700,晋中市,县
140781,介休市,140700,晋中市,县级市
140802,盐湖区,140800,运城市,市辖区
140821,临猗县,140800,运城市,县
140822,万荣县,140800,运城市,县
140823,闻喜县,140800,运城市,县
140824,稷山县,140800,运城市,县
140825,新绛县,140800,运城市,县
140826,绛县,140800,运城市,县
140827,垣曲县,140800,运城市,县
140828,夏县,140800,运城市,县
140829,平陆县,140800,运城市,县
140830,芮城县,140800,运城市,县
140881,永济市,140800,运城市,县级市
140882,河津市,140800,运城市,县级市
140902,忻府区,140900,忻州市,市辖区
140921,定襄县,140900,忻州市,县
140922,五台县,140900,忻州市,县
140923,代县,140900,忻州市,县
140924,繁峙县,140900,忻州市,县
140925,宁武县,140900,忻州市,县
140926,静乐县,140900,忻州市,县
140927,神池县,140900,忻州市,县
140928,五寨县,140900,忻州市,县
140929,岢岚县,140900,忻州市,县
140930,河曲县,140900,忻州市,县
140931,保德县,140900,忻州市,县
140932,偏关县,140900,忻州市,县
140981,原平市,140900,忻州市,县级市
141002,尧都区,141000,临汾市,市辖区
141021,曲沃县,141000,临汾市,县
141022,翼城县,141000,临汾市,县
141023,襄汾县,141000,临汾市,县
141024,洪洞县,141000,临汾市,县
141025,古县,141000,临汾市,县
141026,安泽县,141000,临汾市,县
141027,浮山县,141000,临汾市,县
141028,吉县,141000,临汾市,县
141029,乡宁县,141000,临汾市,县
141030,大宁县,141000,临汾市,县
141031,隰县,141000,临汾市,县
141032,永和县,141000,临汾市,县
141033,蒲县,141000,临汾市,县
141034,汾西县,141000,临汾市,县
141081,侯马市,141000,临汾市,县级市
141082,霍州市,141000,临汾市,县级市
141102,离石区,141100,吕梁市,市辖区
141121,文水县,141100,吕梁市,县
141122,交城县,141100,吕梁市,县
141123,兴县,141100,吕梁市,县
141124,临县,141100,吕梁市,县
141125,柳林县,141100,吕梁市,县
141126,石楼县,141100,吕梁市,县
141127,岚县,141100,吕梁市,县
141128,方山县,141100,吕梁市,县
141129,中阳县,141100,吕梁市,县
141130,交口县,141100,吕梁市,县
141181,孝义市,141100,吕梁市,县级市
141182,汾阳市,141100,吕梁市,县级市
150102,新城区,150100,呼和浩特市,市辖区
150103,回民区,150100,呼和浩特市,市辖区
150104,玉泉区,150100,呼和浩特市,市辖区
150105,赛罕区,150100,呼和浩特市,市辖区
150121,土默特左旗,150100,呼和浩特市,旗
150122,托克托县,150100,呼和浩特市,县
150123,和林格尔县,150100,呼和浩特市,县
150124,清水河县,150100,呼和浩特市,县
150125,武川县,150100,呼和浩特市,县
150202,东河区,150200,包头市,市辖区
150203,昆都仑区,150200,包头市,市辖区
150204,青山区,150200,包头市,市辖区
150205,石拐区,150200,包头市,市辖区
150206,白云鄂博矿区,150200,包头市,市辖区
150207,九原区,150200,包头市,市辖区
150221,土默特右旗,150200,包头市,旗
150222,固阳县,150200,包头市,县
150223,达尔罕茂明安联合旗,150200,包头市,旗
150302,海勃湾区,150300,乌海市,市辖区
150303,海南区,150300,乌海市,市辖区
150304,乌达区,150300,乌海市,市辖区
150402,红山区,150400,赤峰市,市辖区
150403,元宝山区,150400,赤峰市,市辖区
150404,松山区,150400,赤峰市,市辖区
150421,阿鲁科尔沁旗,150400,赤峰市,旗
150422,巴林左旗,150400,赤峰市,旗
150423,巴林右旗,150400,赤峰市,旗
150424,林西县,150400,赤峰市,县
150425,克什克腾旗,150400,赤峰市,旗
150426,翁牛特旗,150400,赤峰市,旗
150428,喀喇沁旗,150400,赤峰市,旗
150429,宁城县,150400,赤峰市,县
150430,敖汉旗,150400,赤峰市,旗
150502,科尔沁区,150500,通辽市,市辖区
150521,科尔沁左翼中旗,150500,通辽市,旗
150522,科尔沁左翼后旗,150500,通辽市,旗
150523,开鲁县,150500,通辽市,县
150524,库伦旗,150500,通辽市,旗
150525,奈曼旗,150500,通辽市,旗
150526,扎鲁特旗,150500,通辽市,旗
150581,霍林郭勒市,150500,通辽市,县级市
150602,东胜区,150600,鄂尔多斯市,市辖区
150603,康巴什区,150600,鄂尔多斯市,市辖区
150621,达拉特旗,150600,鄂尔多斯市,旗
150622,准格尔旗,150600,鄂尔多斯市,旗
150623,鄂托克前旗,150600,鄂尔多斯市,旗
150624,鄂托克旗,150600,鄂尔多斯市,旗
150625,杭锦旗,150600,鄂尔多斯市,旗
150626,乌审旗,150600,鄂尔多斯市,旗
150627,伊金霍洛旗,150600,鄂尔多斯市,旗
150702,海拉尔区,150700,呼伦贝尔市,市辖区
150703,扎赉诺尔区,150700,呼伦贝尔市,市辖区
150721,阿荣旗,150700,呼伦贝尔市,旗
150722,莫力达瓦达斡尔族自治旗,150700,呼伦贝尔市,自治旗
150723,鄂伦春自治旗,150700,呼伦贝尔市,自治旗
150724,鄂温克族自治旗,150700,呼伦贝尔市,自治旗
150725,陈巴尔虎旗,150700,呼伦贝尔市,旗
150726,新巴尔虎左旗,150700,呼伦贝尔市,旗
150727,新巴尔虎右旗,150700,呼伦贝尔市,旗
150781,满洲里市,150700,呼伦贝尔市,县级市
150782,牙克石市,150700,呼伦贝尔市,县级市
150783,扎兰屯市,150700,呼伦贝尔市,县级市
150784,额尔古纳市,150700,呼伦贝尔市,县级市
150785,根河市,150700,呼伦贝尔市,县级市
150802,临河区,150800,巴彦淖尔市,市辖区
150821,五原县,150800,巴彦淖尔市,县
150822,磴口县,150800,巴彦淖尔市,县
150823,乌拉特前旗,150800,巴彦淖尔市,旗
150824,乌拉特中旗,150800,巴彦淖尔市,旗
150825,乌拉特后旗,150800,巴彦淖尔市,旗
150826,杭锦后旗,150800,巴彦淖尔市,旗
150902,集宁区,150900,乌兰察布市,市辖区
150921,卓资县,150900,乌兰察布市,县
150922,化德县,150900,乌兰察布市,县
150923,商都县,150900,乌兰察布市,县
150924,兴和县,150900,乌兰察布市,县
150925,凉城县,150900,乌兰察布市,县
150926,察哈尔右翼前旗,150900,乌兰察布市,旗
150927,察哈尔右翼中旗,150900,乌兰察布市,旗
150928,察哈尔右翼后旗,150900,乌兰察布市,旗
150929,四子王旗,150900,乌兰察布市,旗
150981,丰镇市,150900,乌兰察布市,县级市
152201,乌兰浩特市,152200,兴安盟,县级市
152202,阿尔山市,152200,兴安盟,县级市
152221,科尔沁右翼前旗,152200,兴安盟,旗
152222,科尔沁右翼中旗,152200,兴安盟,旗
152223,扎赉特旗,152200,兴安盟,旗
152224,突泉县,152200,兴安盟,县
152501,二连浩特市,152500,锡林郭勒盟,县级市
152502,锡林浩特市,152500,锡林郭勒盟,县级市
152522,阿巴嘎旗,152500,锡林郭勒盟,旗
152523,苏尼特左旗,152500,锡林郭勒盟,旗
152524,苏尼特右旗,152500,锡林郭勒盟,旗
152525,东乌珠穆沁旗,152500,锡林郭勒盟,旗
152526,西乌珠穆沁旗,152500,锡林郭勒盟,旗
152527,太仆寺旗,152500,锡林郭勒盟,旗
152528,镶黄旗,152500,锡林郭勒盟,旗
152529,正镶白旗,152500,锡林郭勒盟,旗
152530,正蓝旗,152500,锡林郭勒盟,旗
152531,多伦县,152500,锡林郭勒盟,县
152921,阿拉善左旗,152900,阿拉善盟,旗
152922,阿拉善右旗,152900,阿拉善盟,旗
152923,额济纳旗,152900,阿拉善盟,旗
210102,和平区,210100,沈阳市,市辖区
210103,沈河区,210100,沈阳市,市辖区
210104,大东区,210100,沈阳市,市辖区
210105,皇姑区,210100,沈阳市,市辖区
210106,铁西区,210100,沈阳市,市辖区
210111,苏家屯区,210100,沈阳市,市辖区
210112,浑南区,210100,沈阳市,市辖区
210113,沈北新区,210100,沈阳市,市辖区
210114,于洪区,210100,沈阳市,市辖区
210115,辽中区,210100,沈阳市,市辖区
210123,康平县,210100,沈阳市,县
210124,法库县,210100,沈阳市,县
210181,新民市,210100,沈阳市,县级市
210202,中山区,210200,大连市,市辖区
210203,西岗区,210200,大连市,市辖区
210204,沙河口区,210200,大连市,市辖区
210211,甘井子区,210200,大连市,市辖区
210212,旅顺口区,210200,大连市,市辖区
210213,金州区,210200,大连市,市辖区
210214,普兰店区,210200,大连市,市辖区
210224,长海县,210200,大连市,县
210281,瓦房店市,210200,大连市,县级市
210283,庄河市,210200,大连市,县级市
210302,铁东区,210300,鞍山市,市辖区
210303,铁西区,210300,鞍山市,市辖区
210304,立山区,210300,鞍山市,市辖区
210311,千山区,210300,鞍山市,市辖区
210321,台安县,210300,鞍山市,县
210323,岫岩满族自治县,210300,鞍山市,自治县
210381,海城市,210300,鞍山市,县级市
210402,新抚区,210400,抚顺市,市辖区
210403,东洲区,210400,抚顺市,市辖区
210404,望花区,210400,抚顺市,市辖区
210411,顺城区,210400,抚顺市,市辖区
210421,抚顺县,210400,抚顺市,县
210422,新宾满族自治县,210400,抚顺市,自治县
210423,清原满族自治县,210400,抚顺市,自治县
210502,平山区,210500,本溪市,市辖区
210503,溪湖区,210500,本溪市,市辖区
210504,明山区,210500,本溪市,市辖区
210505,南芬区,210500,本溪市,市辖区
210521,本溪满族自治县,210500,本溪市,自治县
210522,桓仁满族自治县,210500,本溪市,自治县
210602,元宝区,210600,丹东市,市辖区
210603,振兴区,210600,丹东市,市辖区
210604,振安区,210600,丹东市,市辖区
210624,宽甸满族自治县,210600,丹东市,自治县
210681,东港市,210600,丹东市,县级市
210682,凤城市,210600,丹东市,县级市
210702,古塔区,210700,锦州市,市辖区
210703,凌河区,210700,锦州市,市辖区
210711,太和区,210700,锦州市,市辖区
210726,黑山县,210700,锦州市,县
210727,义县,210700,锦州市,县
210781,凌海市,210700,锦州市,县级市
210782,北镇市,210700,锦州市,县级市
210802,站前区,210800,营口市,市辖区
210803,西市区,210800,营口市,县级市
210804,鲅鱼圈区,210800,营口市,市辖区
210811,老边区,210800,营口市,市辖区
210881,盖州市,210800,营口市,县级市
210882,大石桥市,210800,营口市,县级市
210902,海州区,210900,阜新市,市辖区
210903,新邱区,210900,阜新市,市辖区
210904,太平区,210900,阜新市,市辖区
210905,清河门区,210900,阜新市,市辖区
210911,细河区,210900,阜新市,市辖区
210921,阜新蒙古族自治县,210900,阜新市,自治县
210922,彰武县,210900,阜新市,县
211002,白塔区,211000,辽阳市,市辖区
211003,文圣区,211000,辽阳市,市辖区
211004,宏伟区,211000,辽阳市,市辖区
211005,弓长岭区,211000,辽阳市,市辖区
211011,太子河区,211000,辽阳市,市辖区
211021,辽阳县,211000,辽阳市,县
211081,灯塔市,211000,辽阳市,县级市
211102,双台子区,211100,盘锦市,市辖区
211103,兴隆台区,211100,盘锦市,市辖区
211104,大洼区,211100,盘锦市,市辖区
211122,盘山县,211100,盘锦市,县
211202,银州区,211200,铁岭市,市辖区
211204,清河区,211200,铁岭市,市辖区
211221,铁岭县,211200,铁岭市,县
211223,西丰县,211200,铁岭市,县
211224,昌图县,211200,铁岭市,县
211281,调兵山市,211200,铁岭市,县级市
211282,开原市,211200,铁岭市,县级市
211302,双塔区,211300,朝阳市,市辖区
211303,龙城区,211300,朝阳市,市辖区
211321,朝阳县,211300,朝阳市,县
211322,建平县,211300,朝阳市,县
211324,喀喇沁左翼蒙古族自治县,211300,朝阳市,自治县
211381,北票市,211300,朝阳市,县级市
211382,凌源市,211300,朝阳市,县级市
211402,连山区,211400,葫芦岛市,市辖区
211403,龙港区,211400,葫芦岛市,市辖区
211404,南票区,211400,葫芦岛市,市辖区
211421,绥中县,211400,葫芦岛市,县
211422,建昌县,211400,葫芦岛市,县
211481,兴城市,211400,葫芦岛市,县级市
220102,南关区,220100,长春市,市辖区
220103,宽城区,220100,长春市,市辖区
220104,朝阳区,220100,长春市,市辖区
220105,二道区,220100,长春市,市辖区
220106,绿园区,220100,长春市,市辖区
220112,双阳区,220100,长春市,市辖区
220113,九台区,220100,长春市,市辖区
220122,农安县,220100,长春市,县
220182,榆树市,220100,长春市,县级市
220183,德惠市,220100,长春市,县级市
220202,昌邑区,220200,吉林市,市辖区
220203,龙潭区,220200,吉林市,市辖区
220204,船营区,220200,吉林市,市辖区
220211,丰满区,220200,吉林市,市辖区
220221,永吉县,220200,吉林市,县
220281,蛟河市,220200,吉林市,县级市
220282,桦甸市,220200,吉林市,县级市
220283,舒兰市,220200,吉林市,县级市
220284,磐石市,220200,吉林市,县级市
220302,铁西区,220300,四平市,市辖区
220303,铁东区,220300,四平市,市辖区
220322,梨树县,220300,四平市,县
220323,伊通满族自治县,220300,四平市,自治县
220381,公主岭市,220300,四平市,县级市
220382,双辽市,220300,四平市,县级市
220402,龙山区,220400,辽源市,市辖区
220403,西安区,220400,辽源市,市辖区
220421,东丰县,220400,辽源市,县
220422,东辽县,220400,辽源市,县
220502,东昌区,220500,通化市,市辖区
220503,二道江区,220500,通化市,市辖区
220521,通化县,220500,通化市,县
220523,辉南县,220500,通化市,县
220524,柳河县,220500,通化市,县
220581,梅河口市,220500,通化市,县级市
220582,集安市,220500,通化市,县级市
220602,浑江区,220600,白山市,市辖区
220605,江源区,220600,白山市,市辖区
220621,抚松县,220600,白山市,县
220622,靖宇县,220600,白山市,县
220623,长白朝鲜族自治县,220600,白山市,自治县
220681,临江市,220600,白山市,县级市
220702,宁江区,220700,松原市,市辖区
220721,前郭尔罗斯蒙古族自治县,220700,松原市,自治县
220722,长岭县,220700,松原市,县
220723,乾安县,220700,松原市,县
220781,扶余市,220700,松原市,县级市
220802,洮北区,220800,白城市,市辖区
220821,镇赉县,220800,白城市,县
220822,通榆县,220800,白城市,县
220881,洮南市,220800,白城市,县级市
220882,大安市,220800,白城市,县级市
222401,延吉市,222400,延边朝鲜族自治州,县级市
222402,图们市,222400,延边朝鲜族自治州,县级市
222403,敦化市,222400,延边朝鲜族自治州,县级市
222404,珲春市,222400,延边朝鲜族自治州,县级市
222405,龙井市,222400,延边朝鲜族自治州,县级市
222406,和龙市,222400,延边朝鲜族自治州,县级市
222424,汪清县,222400,延边朝鲜族自治州,县
222426,安图县,222400,延边朝鲜族自治州,县
230102,道里区,230100,哈尔滨市,市辖区
230103,南岗区,230100,哈尔滨市,市辖区
230104,道外区,230100,哈尔滨市,市辖区
230108,平房区,230100,哈尔滨市,市辖区
230109,松北区,230100,哈尔滨市,市辖区
230110,香坊区,230100,哈尔滨市,市辖区
230111,呼兰区,230100,哈尔滨市,市辖区
230112,阿城区,230100,哈尔滨市,市辖区
230113,双城区,230100,哈尔滨市,市辖区
230123,依兰县,230100,哈尔滨市,县
230124,方正县,230100,哈尔滨市,县
230125,宾县,230100,哈尔滨市,县
230126,巴彦县,230100,哈尔滨市,县
230127,木兰县,230100,哈尔滨市,县
230128,通河县,230100,哈尔滨市,县
230129,延寿县,230100,哈尔滨市,县
230183,尚志市,230100,哈尔滨市,县级市
230184,五常市,230100,哈尔滨市,县级市
230202,龙沙区,230200,齐齐哈尔市,市辖区
230203,建华区,230200,齐齐哈尔市,市辖区
230204,铁锋区,230200,齐齐哈尔市,市辖区
230205,昂昂溪区,230200,齐齐哈尔市,市辖区
230206,富拉尔基区,230200,齐齐哈尔市,市辖区
230207,碾子山区,230200,齐齐哈尔市,市辖区
230208,梅里斯达斡尔族区,230200,齐齐哈尔市,市辖区
230221,龙江县,230200,齐齐哈尔市,县
230223,依安县,230200,齐齐哈尔市,县
230224,泰来县,230200,齐齐哈尔市,县
230225,甘南县,230200,齐齐哈尔市,县
230227,富裕县,230200,齐齐哈尔市,县
230229,克山县,230200,齐齐哈尔市,县
230230,克东县,230200,齐齐哈尔市,县
230231,拜泉县,230200,齐齐哈尔市,县
230281,讷河市,230200,齐齐哈尔市,县级市
230302,鸡冠区,230300,鸡西市,市辖区
230303,恒山区,230300,鸡西市,市辖区
230304,滴道区,230300,鸡西市,市辖区
230305,梨树区,230300,鸡西市,市辖区
230306,城子河区,230300,鸡西市,市辖区
230307,麻山区,230300,鸡西市,市辖区
230321,鸡东县,230300,鸡西市,县
230381,虎林市,230300,鸡西市,县级市
230382,密山市,230300,鸡西市,县级市
230402,向阳区,230400,鹤岗市,市辖区
230403,工农区,230400,鹤岗市,市辖区
230404,南山区,230400,鹤岗市,市辖区
230405,兴安区,230400,鹤岗市,市辖区
230406,东山区,230400,鹤岗市,市辖区
230407,兴山区,230400,鹤岗市,市辖区
230421,萝北县,230400,鹤岗市,县
230422,绥滨县,230400,鹤岗市,县
230502,尖山区,230500,双鸭山市,市辖区
230503,岭东区,230500,双鸭山市,市辖区
230505,四方台区,230500,双鸭山市,市辖区
230506,宝山区,230500,双鸭山市,市辖区
230521,集贤县,230500,双鸭山市,县
230522,友谊县,230500,双鸭山市,县
230523,宝清县,230500,双鸭山市,县
230524,饶河县,230500,双鸭山市,县
230602,萨尔图区,230600,大庆市,市辖区
230603,龙凤区,230600,大庆市,市辖区
230604,让胡路区,230600,大庆市,市辖区
230605,红岗区,230600,大庆市,市辖区
230606,大同区,230600,大庆市,市辖区
230621,肇州县,230600,大庆市,县
230622,肇源县,230600,大庆市,县
230623,林甸县,230600,大庆市,县
230624,杜尔伯特蒙古族自治县,230600,大庆市,自治县
230717,伊美区,230700,伊春市,市辖区
230718,乌翠区,230700,伊春市,市辖区
230719,友好区,230700,伊春市,市辖区
230722,嘉荫县,230700,伊春市,县
230723,汤旺县,230700,伊春市,县
230724,丰林县,230700,伊春市,县
230725,大箐山县,230700,伊春市,县
230726,南岔县,230700,伊春市,县
230751,金林区,230700,伊春市,市辖区
230781,铁力市,230700,伊春市,县级市
230803,向阳区,230800,佳木斯市,市辖区
230804,前进区,230800,佳木斯市,市辖区
230805,东风区,230800,佳木斯市,市辖区
230811,郊区,230800,佳木斯市,市辖区
230822,桦南县,230800,佳木斯市,县
230826,桦川县,230800,佳木斯市,县
230828,汤原县,230800,佳木斯市,县
230881,同江市,230800,佳木斯市,县级市
230882,富锦市,230800,佳木斯市,县级市
230883,抚远市,230800,佳木斯市,县级市
230902,新兴区,230900,七台河市,市辖区
230903,桃山区,230900,七台河市,市辖区
230904,茄子河区,230900,七台河市,市辖区
230921,勃利县,230900,七台河市,县
231002,东安区,231000,牡丹江市,市辖区
231003,阳明区,231000,牡丹江市,市辖区
231004,爱民区,231000,牡丹江市,市辖区
231005,西安区,231000,牡丹江市,市辖区
231025,林口县,231000,牡丹江市,县
231081,绥芬河市,231000,牡丹江市,县级市
231083,海林市,231000,牡丹江市,县级市
231084,宁安市,231000,牡丹江市,县级市
231085,穆棱市,231000,牡丹江市,县级市
231086,东宁市,231000,牡丹江市,县级市
231102,爱辉区,231100,黑河市,市辖区
231123,逊克县,231100,黑河市,县
231124,孙吴县,231100,黑河市,县
231181,北安市,231100,黑河市,县级市
231182,五大连池市,231100,黑河市,县级市
231183,嫩江市,231100,黑河市,县级市
231202,北林区,231200,绥化市,市辖区
231221,望奎县,231200,绥化市,县
231222,兰西县,231200,绥化市,县
231223,青冈县,231200,绥化市,县
231224,庆安县,231200,绥化市,县
231225,明水县,231200,绥化市,县
231226,绥棱县,231200,绥化市,县
231281,安达市,231200,绥化市,县级市
231282,肇东市,231200,绥化市,县级市
231283,海伦市,231200,绥化市,县级市
232701,漠河市,232700,大兴安岭地区,县级市
232721,呼玛县,232700,大兴安岭地区,县
232722,塔河县,232700,大兴安岭地区,县
310101,黄浦区,310000,上海市,市辖区
310104,徐汇区,310000,上海市,市辖区
310105,长宁区,310000,上海市,市辖区
310106,静安区,310000,上海市,市辖区
310107,普陀区,310000,上海市,市辖区
310109,虹口区,310000,上海市,市辖区
310110,杨浦区,310000,上海市,市辖区
310112,闵行区,310000,上海市,市辖区
310113,宝山区,310000,上海市,市辖区
310114,嘉定区,310000,上海市,市辖区
310115,浦东新区,310000,上海市,市辖区
310116,金山区,310000,上海市,市辖区
310117,松江区,310000,上海市,市辖区
310118,青浦区,310000,上海市,市辖区
310120,奉贤区,310000,上海市,市辖区
310151,崇明区,310000,上海市,市辖区
320102,玄武区,320100,南京市,市辖区
320104,秦淮区,320100,南京市,市辖区
320105,建邺区,320100,南京市,市辖区
320106,鼓楼区,320100,南京市,市辖区
320111,浦口区,320100,南京市,市辖区
320113,栖霞区,320100,南京市,市辖区
320114,雨花台区,320100,南京市,市辖区
320115,江宁区,320100,南京市,市辖区
320116,六合区,320100,南京市,市辖区
320117,溧水区,320100,南京市,市辖区
320118,高淳区,320100,南京市,市辖区
320205,锡山区,320200,无锡市,市辖区
320206,惠山区,320200,无锡市,市辖区
320211,滨湖区,320200,无锡市,市辖区
320213,梁溪区,320200,无锡市,市辖区
320214,新吴区,320200,无锡市,市辖区
320281,江阴市,320200,无锡市,县级市
320282,宜兴市,320200,无锡市,县级市
320302,鼓楼区,320300,徐州市,市辖区
320303,云龙区,320300,徐州市,市辖区
320305,贾汪区,320300,徐州市,市辖区
320311,泉山区,320300,徐州市,市辖区
320312,铜山区,320300,徐州市,市辖区
320321,丰县,320300,徐州市,县
320322,沛县,320300,徐州市,县
320324,睢宁县,320300,徐州市,县
320381,新沂市,320300,徐州市,县级市
320382,邳州市,320300,徐州市,县级市
320402,天宁区,320400,常州市,市辖区
320404,钟楼区,320400,常州市,市辖区
320411,新北区,320400,常州市,市辖区
320412,武进区,320400,常州市,市辖区
320413,金坛区,320400,常州市,市辖区
320481,溧阳市,320400,常州市,县级市
320505,虎丘区,320500,苏州市,市辖区
320506,吴中区,320500,苏州市,市辖区
320507,相城区,320500,苏州市,市辖区
320508,姑苏区,320500,苏州市,市辖区
320509,吴江区,320500,苏州市,市辖区
320581,常熟市,320500,苏州市,县级市
320582,张家港市,320500,苏州市,县级市
320583,昆山市,320500,苏州市,县级市
320585,太仓市,320500,苏州市,县级市
320602,崇川区,320600,南通市,市辖区
320611,港闸区,320600,南通市,市辖区
320612,通州区,320600,南通市,市辖区
320623,如东县,320600,南通市,县
320681,启东市,320600,南通市,县级市
320682,如皋市,320600,南通市,县级市
320684,海门市,320600,南通市,县级市
320685,海安市,320600,南通市,县级市
320703,连云区,320700,连云港市,市辖区
320706,海州区,320700,连云港市,市辖区
320707,赣榆区,320700,连云港市,市辖区
320722,东海县,320700,连云港市,县
320723,灌云县,320700,连云港市,县
320724,灌南县,320700,连云港市,县
320803,淮安区,320800,淮安市,市辖区
320804,淮阴区,320800,淮安市,市辖区
320812,清江浦区,320800,淮安市,市辖区
320813,洪泽区,320800,淮安市,市辖区
320826,涟水县,320800,淮安市,县
320830,盱眙县,320800,淮安市,县
320831,金湖县,320800,淮安市,县
320902,亭湖区,320900,盐城市,市辖区
320903,盐都区,320900,盐城市,市辖区
320904,大丰区,320900,盐城市,市辖区
320921,响水县,320900,盐城市,县
320922,滨海县,320900,盐城市,县
320923,阜宁县,320900,盐城市,县
320924,射阳县,320900,盐城市,县
320925,建湖县,320900,盐城市,县
320981,东台市,320900,盐城市,县级市
321002,广陵区,321000,扬州市,市辖区
321003,邗江区,321000,扬州市,市辖区
321012,江都区,321000,扬州市,市辖区
321023,宝应县,321000,扬州市,县
321081,仪征市,321000,扬州市,县级市
321084,高邮市,321000,扬州市,县级市
321102,京口区,321100,镇江市,市辖区
321111,润州区,321100,镇江市,市辖区
321112,丹徒区,321100,镇江市,市辖区
321181,丹阳市,321100,镇江市,县级市
321182,扬中市,321100,镇江市,县级市
321183,句容市,321100,镇江市,县级市
321202,海陵区,321200,泰州市,市辖区
321203,高港区,321200,泰州市,市辖区
321204,姜堰区,321200,泰州市,市辖区
321281,兴化市,321200,泰州市,县级市
321282,靖江市,321200,泰州市,县级市
321283,泰兴市,321200,泰州市,县级市
321302,宿城区,321300,宿迁市,市辖区
321311,宿豫区,321300,宿迁市,市辖区
321322,沭阳县,321300,宿迁市,县
321323,泗阳县,321300,宿迁市,县
321324,泗洪县,321300,宿迁市,县
330102,上城区,330100,杭州市,市辖区
330103,下城区,330100,杭州市,市辖区
330104,江干区,330100,杭州市,市辖区
330105,拱墅区,330100,杭州市,市辖区
330106,西湖区,330100,杭州市,市辖区
330108,滨江区,330100,杭州市,市辖区
330109,萧山区,330100,杭州市,市辖区
330110,余杭区,330100,杭州市,市辖区
330111,富阳区,330100,杭州市,市辖区
330112,临安区,330100,杭州市,市辖区
330122,桐庐县,330100,杭州市,县
330127,淳安县,330100,杭州市,县
330182,建德市,330100,杭州市,县级市
330203,海曙区,330200,宁波市,市辖区
330205,江北区,330200,宁波市,市辖区
330206,北仑区,330200,宁波市,市辖区
330211,镇海区,330200,宁波市,市辖区
330212,鄞州区,330200,宁波市,市辖区
330213,奉化区,330200,宁波市,市辖区
330225,象山县,330200,宁波市,县
330226,宁海县,330200,宁波市,县
330281,余姚市,330200,宁波市,县级市
330282,慈溪市,330200,宁波市,县级市
330302,鹿城区,330300,温州市,市辖区
330303,龙湾区,330300,温州市,市辖区
330304,瓯海区,330300,温州市,市辖区
330305,洞头区,330300,温州市,市辖区
330324,永嘉县,330300,温州市,县
330326,平阳县,330300,温州市,县
330327,苍南县,330300,温州市,县
330328,文成县,330300,温州市,县
330329,泰顺县,330300,温州市,县
330381,瑞安市,330300,温州市,县级市
330382,乐清市,330300,温州市,县级市
330383,龙港市,330300,温州市,县级市
330402,南湖区,330400,嘉兴市,市辖区
330411,秀洲区,330400,嘉兴市,市辖区
330421,嘉善县,330400,嘉兴市,县
330424,海盐县,330400,嘉兴市,县
330481,海宁市,330400,嘉兴市,县级市
330482,平湖市,330400,嘉兴市,县级市
330483,桐乡市,330400,嘉兴市,县级市
330502,吴兴区,330500,湖州市,市辖区
330503,南浔区,330500,湖州市,市辖区
330521,德清县,330500,湖州市,县
330522,长兴县,330500,湖州市,县
330523,安吉县,330500,湖州市,县
330602,越城区,330600,绍兴市,市辖区
330603,柯桥区,330600,绍兴市,市辖区
330604,上虞区,330600,绍兴市,市辖区
330624,新昌县,330600,绍兴市,县
330681,诸暨市,330600,绍兴市,县级市
330683,嵊州市,330600,绍兴市,县级市
330702,婺城区,330700,金华市,市辖区
330703,金东区,330700,金华市,市辖区
330723,武义县,330700,金华市,县
330726,浦江县,330700,金华市,县
330727,磐安县,330700,金华市,县
330781,兰溪市,330700,金华市,县级市
330782,义乌市,330700,金华市,县级市
330783,东阳市,330700,金华市,县级市
330784,永康市,330700,金华市,县级市
330802,柯城区,330800,衢州市,市辖区
330803,衢江区,330800,衢州市,市辖区
330822,常山县,330800,衢州市,县
330824,开化县,330800,衢州市,县
330825,龙游县,330800,衢州市,县
330881,江山市,330800,衢州市,县级市
330902,定海区,330900,舟山市,市辖区
330903,普陀区,330900,舟山市,市辖区
330921,岱山县,330900,舟山市,县
330922,嵊泗县,330900,舟山市,县
331002,椒江区,331000,台州市,市辖区
331003,黄岩区,331000,台州市,市辖区
331004,路桥区,331000,台州市,市辖区
331022,三门县,331000,台州市,县
331023,天台县,331000,台州市,县
331024,仙居县,331000,台州市,县
331081,温岭市,331000,台州市,县级市
331082,临海市,331000,台州市,县级市
331083,玉环市,331000,台州市,县级市
331102,莲都区,331100,丽水市,市辖区
331121,青田县,331100,丽水市,县
331122,缙云县,331100,丽水市,县
331123,遂昌县,331100,丽水市,县
331124,松阳县,331100,丽水市,县
331125,云和县,331100,丽水市,县
331126,庆元县,331100,丽水市,县
331127,景宁畲族自治县,331100,丽水市,自治县
331181,龙泉市,331100,丽水市,县级市
340102,瑶海区,340100,合肥市,市辖区
340103,庐阳区,340100,合肥市,市辖区
340104,蜀山区,340100,合肥市,市辖区
340111,包河区,340100,合肥市,市辖区
340121,长丰县,340100,合肥市,县
340122,肥东县,340100,合肥市,县
340123,肥西县,340100,合肥市,县
340124,庐江县,340100,合肥市,县
340181,巢湖市,340100,合肥市,县级市
340202,镜湖区,340200,芜湖市,市辖区
340203,弋江区,340200,芜湖市,市辖区
340207,鸠江区,340200,芜湖市,市辖区
340208,三山区,340200,芜湖市,市辖区
340221,芜湖县,340200,芜湖市,县
340222,繁昌县,340200,芜湖市,县
340223,南陵县,340200,芜湖市,县
340281,无为市,340200,芜湖市,县级市
340302,龙子湖区,340300,蚌埠市,市辖区
340303,蚌山区,340300,蚌埠市,市辖区
340304,禹会区,340300,蚌埠市,市辖区
340311,淮上区,340300,蚌埠市,市辖区
340321,怀远县,340300,蚌埠市,县
340322,五河县,340300,蚌埠市,县
340323,固镇县,340300,蚌埠市,县
340402,大通区,340400,淮南市,市辖区
340403,田家庵区,340400,淮南市,市辖区
340404,谢家集区,340400,淮南市,市辖区
340405,八公山区,340400,淮南市,市辖区
340406,潘集区,340400,淮南市,市辖区
340421,凤台县,340400,淮南市,县
340422,寿县,340400,淮南市,县
340503,花山区,340500,马鞍山市,市辖区
340504,雨山区,340500,马鞍山市,市辖区
340506,博望区,340500,马鞍山市,市辖区
340521,当涂县,340500,马鞍山市,县
340522,含山县,340500,马鞍山市,县
340523,和县,340500,马鞍山市,县
340602,杜集区,340600,淮北市,市辖区
340603,相山区,340600,淮北市,市辖区
340604,烈山区,340600,淮北市,市辖区
340621,濉溪县,340600,淮北市,县
340705,铜官区,340700,铜陵市,市辖区
340706,义安区,340700,铜陵市,市辖区
340711,郊区,340700,铜陵市,市辖区
340722,枞阳县,340700,铜陵市,县
340802,迎江区,340800,安庆市,市辖区
340803,大观区,340800,安庆市,市辖区
340811,宜秀区,340800,安庆市,市辖区
340822,怀宁县,340800,安庆市,县
340825,太湖县,340800,安庆市,县
340826,宿松县,340800,安庆市,县
340827,望江县,340800,安庆市,县
340828,岳西县,340800,安庆市,县
340881,桐城市,340800,安庆市,县级市
340882,潜山市,340800,安庆市,县级市
341002,屯溪区,341000,黄山市,市辖区
341003,黄山区,341000,黄山市,市辖区
341004,徽州区,341000,黄山市,市辖区
341021,歙县,341000,黄山市,县
341022,休宁县,341000,黄山市,县
341023,黟县,341000,黄山市,县
341024,祁门县,341000,黄山市,县
341102,琅琊区,341100,滁州市,市辖区
341103,南谯区,341100,滁州市,市辖区
341122,来安县,341100,滁州市,县
341124,全椒县,341100,滁州市,县
341125,定远县,341100,滁州市,县
341126,凤阳县,341100,滁州市,县
341181,天长市,341100,滁州市,县级市
341182,明光市,341100,滁州市,县级市
341202,颍州区,341200,阜阳市,市辖区
341203,颍东区,341200,阜阳市,市辖区
341204,颍泉区,341200,阜阳市,市辖区
341221,临泉县,341200,阜阳市,县
341222,太和县,341200,阜阳市,县
341225,阜南县,341200,阜阳市,县
341226,颍上县,341200,阜阳市,县
341282,界首市,341200,阜阳市,县级市
341302,埇桥区,341300,宿州市,市辖区
341321,砀山县,341300,宿州市,县
341322,萧县,341300,宿州市,县
341323,灵璧县,341300,宿州市,县
341324,泗县,341300,宿州市,县
341502,金安区,341500,六安市,市辖区
341503,裕安区,341500,六安市,市辖区
341504,叶集区,341500,六安市,市辖区
341522,霍邱县,341500,六安市,县
341523,舒城县,341500,六安市,县
341524,金寨县,341500,六安市,县
341525,霍山县,341500,六安市,县
341602,谯城区,341600,亳州市,市辖区
341621,涡阳县,341600,亳州市,县
341622,蒙城县,341600,亳州市,县
341623,利辛县,341600,亳州市,县
341702,贵池区,341700,池州市,市辖区
341721,东至县,341700,池州市,县
341722,石台县,341700,池州市,县
341723,青阳县,341700,池州市,县
341802,宣州区,341800,宣城市,市辖区
341821,郎溪县,341800,宣城市,县
341823,泾县,341800,宣城市,县
341824,绩溪县,341800,宣城市,县
341825,旌德县,341800,宣城市,县
341881,宁国市,341800,宣城市,县级市
341882,广德市,341800,宣城市,县级市
350102,鼓楼区,350100,福州市,市辖区
350103,台江区,350100,福州市,市辖区
350104,仓山区,350100,福州市,市辖区
350105,马尾区,350100,福州市,市辖区
350111,晋安区,350100,福州市,市辖区
350112,长乐区,350100,福州市,市辖区
350121,闽侯县,350100,福州市,县
350122,连江县,350100,福州市,县
350123,罗源县,350100,福州市,县
350124,闽清县,350100,福州市,县
350125,永泰县,350100,福州市,县
350128,平潭县,350100,福州市,县
350181,福清市,350100,福州市,县级市
350203,思明区,350200,厦门市,市辖区
350205,海沧区,350200,厦门市,市辖区
350206,湖里区,350200,厦门市,市辖区
350211,集美区,350200,厦门市,市辖区
350212,同安区,350200,厦门市,市辖区
350213,翔安区,350200,厦门市,市辖区
350302,城厢区,350300,莆田市,市辖区
350303,涵江区,350300,莆田市,市辖区
350304,荔城区,350300,莆田市,市辖区
350305,秀屿区,350300,莆田市,市辖区
350322,仙游县,350300,莆田市,县
350402,梅列区,350400,三明市,市辖区
350403,三元区,350400,三明市,市辖区
350421,明溪县,350400,三明市,县
350423,清流县,350400,三明市,县
350424,宁化县,350400,三明市,县
350425,大田县,350400,三明市,县
350426,尤溪县,350400,三明市,县
350427,沙县,350400,三明市,县
350428,将乐县,350400,三明市,县
350429,泰宁县,350400,三明市,县
350430,建宁县,350400,三明市,县
350481,永安市,350400,三明市,县级市
350502,鲤城区,350500,泉州市,市辖区
350503,丰泽区,350500,泉州市,市辖区
350504,洛江区,350500,泉州市,市辖区
350505,泉港区,350500,泉州市,市辖区
350521,惠安县,350500,泉州市,县
350524,安溪县,350500,泉州市,县
350525,永春县,350500,泉州市,县
350526,德化县,350500,泉州市,县
350527,金门县,350500,泉州市,县
350581,石狮市,350500,泉州市,县级市
350582,晋江市,350500,泉州市,县级市
350583,南安市,350500,泉州市,县级市
350602,芗城区,350600,漳州市,市辖区
350603,龙文区,350600,漳州市,市辖区
350622,云霄县,350600,漳州市,县
350623,漳浦县,350600,漳州市,县
350624,诏安县,350600,漳州市,县
350625,长泰县,350600,漳州市,县
350626,东山县,350600,漳州市,县
350627,南靖县,350600,漳州市,县
350628,平和县,350600,漳州市,县
350629,华安县,350600,漳州市,县
350681,龙海市,350600,漳州市,县级市
350702,延平区,350700,南平市,市辖区
350703,建阳区,350700,南平市,市辖区
350721,顺昌县,350700,南平市,县
350722,浦城县,350700,南平市,县
350723,光泽县,350700,南平市,县
350724,松溪县,350700,南平市,县
350725,政和县,350700,南平市,县
350781,邵武市,350700,南平市,县级市
350782,武夷山市,350700,南平市,县级市
350783,建瓯市,350700,南平市,县级市
350802,新罗区,350800,龙岩市,市辖区
350803,永定区,350800,龙岩市,市辖区
350821,长汀县,350800,龙岩市,县
350823,上杭县,350800,龙岩市,县
350824,武平县,350800,龙岩市,县
350825,连城县,350800,龙岩市,县
350881,漳平市,350800,龙岩市,县级市
350902,蕉城区,350900,宁德市,市辖区
350921,霞浦县,350900,宁德市,县
350922,古田县,350900,宁德市,县
350923,屏南县,350900,宁德市,县
350924,寿宁县,350900,宁德市,县
350925,周宁县,350900,宁德市,县
350926,柘荣县,350900,宁德市,县
350981,福安市,350900,宁德市,县级市
350982,福鼎市,350900,宁德市,县级市
360102,东湖区,360100,南昌市,市辖区
360103,西湖区,360100,南昌市,市辖区
360104,青云谱区,360100,南昌市,市辖区
360111,青山湖区,360100,南昌市,市辖区
360112,新建区,360100,南昌市,市辖区
360113,红谷滩区,360100,南昌市,市辖区
360121,南昌县,360100,南昌市,县
360123,安义县,360100,南昌市,县
360124,进贤县,360100,南昌市,县
360202,昌江区,360200,景德镇市,市辖区
360203,珠山区,360200,景德镇市,市辖区
360222,浮梁县,360200,景德镇市,县
360281,乐平市,360200,景德镇市,县级市
360302,安源区,360300,萍乡市,市辖区
360313,湘东区,360300,萍乡市,市辖区
360321,莲花县,360300,萍乡市,县
360322,上栗县,360300,萍乡市,县
360323,芦溪县,360300,萍乡市,县
360402,濂溪区,360400,九江市,市辖区
360403,浔阳区,360400,九江市,市辖区
360404,柴桑区,360400,九江市,市辖区
360423,武宁县,360400,九江市,县
360424,修水县,360400,九江市,县
360425,永修县,360400,九江市,县
360426,德安县,360400,九江市,县
360428,都昌县,360400,九江市,县
360429,湖口县,360400,九江市,县
360430,彭泽县,360400,九江市,县
360481,瑞昌市,360400,九江市,县级市
360482,共青城市,360400,九江市,县级市
360483,庐山市,360400,九江市,县级市
360502,渝水区,360500,新余市,市辖区
360521,分宜县,360500,新余市,县
360602,月湖区,360600,鹰潭市,市辖区
360603,余江区,360600,鹰潭市,市辖区
360681,贵溪市,360600,鹰潭市,县级市
360702,章贡区,360700,赣州市,市辖区
360703,南康区,360700,赣州市,市辖区
360704,赣县区,360700,赣州市,市辖区
360722,信丰县,360700,赣州市,县
360723,大余县,360700,赣州市,县
360724,上犹县,360700,赣州市,县
360725,崇义县,360700,赣州市,县
360726,安远县,360700,赣州市,县
360727,龙南县,360700,赣州市,县
360728,定南县,360700,赣州市,县
360729,全南县,360700,赣州市,县
360730,宁都县,360700,赣州市,县
360731,于都县,360700,赣州市,县
360732,兴国县,360700,赣州市,县
360733,会昌县,360700,赣州市,县
360734,寻乌县,360700,赣州市,县
360735,石城县,360700,赣州市,县
360781,瑞金市,360700,赣州市,县级市
360802,吉州区,360800,吉安市,市辖区
360803,青原区,360800,吉安市,市辖区
360821,吉安县,360800,吉安市,县
360822,吉水县,360800,吉安市,县
360823,峡江县,360800,吉安市,县
360824,新干县,360800,吉安市,县
360825,永丰县,360800,吉安市,县
360826,泰和县,360800,吉安市,县
360827,遂川县,360800,吉安市,县
360828,万安县,360800,吉安市,县
360829,安福县,360800,吉安市,县
360830,永新县,360800,吉安市,县
360881,井冈山市,360800,吉安市,县级市
360902,袁州区,360900,宜春市,市辖区
360921,奉新县,360900,宜春市,县
360922,万载县,360900,宜春市,县
360923,上高县,360900,宜春市,县
360924,宜丰县,360900,宜春市,县
360925,靖安县,360900,宜春市,县
360926,铜鼓县,360900,宜春市,县
360981,丰城市,360900,宜春市,县级市
360982,樟树市,360900,宜春市,县级市
360983,高安市,360900,宜春市,县级市
361002,临川区,361000,抚州市,市辖区
361003,东乡区,361000,抚州市,市辖区
361021,南城县,361000,抚州市,县
361022,黎川县,361000,抚州市,县
361023,南丰县,361000,抚州市,县
361024,崇仁县,361000,抚州市,县
361025,乐安县,361000,抚州市,县
361026,宜黄县,361000,抚州市,县
361027,金溪县,361000,抚州市,县
361028,资溪县,361000,抚州市,县
361030,广昌县,361000,抚州市,县
361102,信州区,361100,上饶市,市辖区
361103,广丰区,361100,上饶市,市辖区
361104,广信区,361100,上饶市,市辖区
361123,玉山县,361100,上饶市,县
361124,铅山县,361100,上饶市,县
361125,横峰县,361100,上饶市,县
361126,弋阳县,361100,上饶市,县
361127,余干县,361100,上饶市,县
361128,鄱阳县,361100,上饶市,县
361129,万年县,361100,上饶市,县
361130,婺源县,361100,上饶市,县
361181,德兴市,361100,上饶市,县级市
370102,历下区,370100,济南市,市辖区
370103,市中区,370100,济南市,市辖区
370104,槐荫区,370100,济南市,市辖区
370105,天桥区,370100,济南市,市辖区
370112,历城区,370100,济南市,市辖区
370113,长清区,370100,济南市,市辖区
370114,章丘区,370100,济南市,市辖区
370115,济阳区,370100,济南市,市辖区
370116,莱芜区,370100,济南市,市辖区
370117,钢城区,370100,济南市,市辖区
370124,平阴县,370100,济南市,县
370126,商河县,370100,济南市,县
370202,市南区,370200,青岛市,市辖区
370203,市北区,370200,青岛市,市辖区
370211,黄岛区,370200,青岛市,市辖区
370212,崂山区,370200,青岛市,市辖区
370213,李沧区,370200,青岛市,市辖区
370214,城阳区,370200,青岛市,市辖区
370215,即墨区,370200,青岛市,市辖区
370281,胶州市,370200,青岛市,县级市
370283,平度市,370200,青岛市,县级市
370285,莱西市,370200,青岛市,县级市
370302,淄川区,370300,淄博市,市辖区
370303,张店区,370300,淄博市,市辖区
370304,博山区,370300,淄博市,市辖区
370305,临淄区,370300,淄博市,市辖区
370306,周村区,370300,淄博市,市辖区
370321,桓台县,370300,淄博市,县
370322,高青县,370300,淄博市,县
370323,沂源县,370300,淄博市,县
370402,市中区,370400,枣庄市,市辖区
370403,薛城区,370400,枣庄市,市辖区
370404,峄城区,370400,枣庄市,市辖区
370405,台儿庄区,370400,枣庄市,市辖区
370406,山亭区,370400,枣庄市,市辖区
370481,滕州市,370400,枣庄市,县级市
370502,东营区,370500,东营市,市辖区
370503,河口区,370500,东营市,市辖区
370505,垦利区,370500,东营市,市辖区
370522,利津县,370500,东营市,县
370523,广饶县,370500,东营市,县
370602,芝罘区,370600,烟台市,市辖区
370611,福山区,370600,烟台市,市辖区
370612,牟平区,370600,烟台市,市辖区
370613,莱山区,370600,烟台市,市辖区
370634,长岛县,370600,烟台市,县
370681,龙口市,370600,烟台市,县级市
370682,莱阳市,370600,烟台市,县级市
370683,莱州市,370600,烟台市,县级市
370684,蓬莱市,370600,烟台市,县级市
370685,招远市,370600,烟台市,县级市
370686,栖霞市,370600,烟台市,县级市
370687,海阳市,370600,烟台市,县级市
370702,潍城区,370700,潍坊市,市辖区
370703,寒亭区,370700,潍坊市,市辖区
370704,坊子区,370700,潍坊市,市辖区
370705,奎文区,370700,潍坊市,市辖区
370724,临朐县,370700,潍坊市,县
370725,昌乐县,370700,潍坊市,县
370781,青州市,370700,潍坊市,县级市
370782,诸城市,370700,潍坊市,县级市
370783,寿光市,370700,潍坊市,县级市
370784,安丘市,370700,潍坊市,县级市
370785,高密市,370700,潍坊市,县级市
370786,昌邑市,370700,潍坊市,县级市
370811,任城区,370800,济宁市,市辖区
370812,兖州区,370800,济宁市,市辖区
370826,微山县,370800,济宁市,县
370827,鱼台县,370800,济宁市,县
370828,金乡县,370800,济宁市,县
370829,嘉祥县,370800,济宁市,县
370830,汶上县,370800,济宁市,县
370831,泗水县,370800,济宁市,县
370832,梁山县,370800,济宁市,县
370881,曲阜市,370800,济宁市,县级市
370883,邹城市,370800,济宁市,县级市
370902,泰山区,370900,泰安市,市辖区
370911,岱岳区,370900,泰安市,市辖区
370921,宁阳县,370900,泰安市,县
370923,东平县,370900,泰安市,县
370982,新泰市,370900,泰安市,县级市
370983,肥城市,370900,泰安市,县级市
371002,环翠区,371000,威海市,市辖区
371003,文登区,371000,威海市,市辖区
371082,荣成市,371000,威海市,县级市
371083,乳山市,371000,威海市,县级市
371102,东港区,371100,日照市,市辖区
371103,岚山区,371100,日照市,市辖区
371121,五莲县,371100,日照市,县
371122,莒县,371100,日照市,县
371302,兰山区,371300,临沂市,市辖区
371311,罗庄区,371300,临沂市,市辖区
371312,河东区,371300,临沂市,市辖区
371321,沂南县,371300,临沂市,县
371322,郯城县,371300,临沂市,县
371323,沂水县,371300,临沂市,县
371324,兰陵县,371300,临沂市,县
371325,费县,371300,临沂市,县
371326,平邑县,371300,临沂市,县
371327,莒南县,371300,临沂市,县
371328,蒙阴县,371300,临沂市,县
371329,临沭县,371300,临沂市,县
371402,德城区,371400,德州市,市辖区
371403,陵城区,371400,德州市,市辖区
371422,宁津县,371400,德州市,县
371423,庆云县,371400,德州市,县
371424,临邑县,371400,德州市,县
371425,齐河县,371400,德州市,县
371426,平原县,371400,德州市,县
371427,夏津县,371400,德州市,县
371428,武城县,371400,德州市,县
371481,乐陵市,371400,德州市,县级市
371482,禹城市,371400,德州市,县级市
371502,东昌府区,371500,聊城市,市辖区
371503,茌平区,371500,聊城市,市辖区
371521,阳谷县,371500,聊城市,县
371522,莘县,371500,聊城市,县
371524,东阿县,371500,聊城市,县
371525,冠县,371500,聊城市,县
371526,高唐县,371500,聊城市,县
371581,临清市,371500,聊城市,县级市
371602,滨城区,371600,滨州市,市辖区
371603,沾化区,371600,滨州市,市辖区
371621,惠民县,371600,滨州市,县
371622,阳信县,371600,滨州市,县
371623,无棣县,371600,滨州市,县
371625,博兴县,371600,滨州市,县
371681,邹平市,371600,滨州市,县级市
371702,牡丹区,371700,菏泽市,市辖区
371703,定陶区,371700,菏泽市,市辖区
371721,曹县,371700,菏泽市,县
371722,单县,371700,菏泽市,县
371723,成武县,371700,菏泽市,县
371724,巨野县,371700,菏泽市,县
371725,郓城县,371700,菏泽市,县
371726,鄄城县,371700,菏泽市,县
371728,东明县,371700,菏泽市,县
410102,中原区,410100,郑州市,市辖区
410103,二七区,410100,郑州市,市辖区
410104,管城回族区,410100,郑州市,市辖区
410105,金水区,410100,郑州市,市辖区
410106,上街区,410100,郑州市,市辖区
410108,惠济区,410100,郑州市,市辖区
410122,中牟县,410100,郑州市,县
410181,巩义市,410100,郑州市,县级市
410182,荥阳市,410100,郑州市,县级市
410183,新密市,410100,郑州市,县级市
410184,新郑市,410100,郑州市,县级市
410185,登封市,410100,郑州市,县级市
410202,龙亭区,410200,开封市,市辖区
410203,顺河回族区,410200,开封市,市辖区
410204,鼓楼区,410200,开封市,市辖区
410205,禹王台区,410200,开封市,市辖区
410212,祥符区,410200,开封市,市辖区
410221,杞县,410200,开封市,县
410222,通许县,410200,开封市,县
410223,尉氏县,410200,开封市,县
410225,兰考县,410200,开封市,县
410302,老城区,410300,洛阳市,市辖区
410303,西工区,410300,洛阳市,市辖区
410304,瀍河回族区,410300,洛阳市,市辖区
410305,涧西区,410300,洛阳市,市辖区
410306,吉利区,410300,洛阳市,市辖区
410311,洛龙区,410300,洛阳市,市辖区
410322,孟津县,410300,洛阳市,县
410323,新安县,410300,洛阳市,县
410324,栾川县,410300,洛阳市,县
410325,嵩县,410300,洛阳市,县
410326,汝阳县,410300,洛阳市,县
410327,宜阳县,410300,洛阳市,县
410328,洛宁县,410300,洛阳市,县
410329,伊川县,410300,洛阳市,县
410381,偃师市,410300,洛阳市,县级市
410402,新华区,410400,平顶山市,市辖区
410403,卫东区,410400,平顶山市,市辖区
410404,石龙区,410400,平顶山市,市辖区
410411,湛河区,410400,平顶山市,市辖区
410421,宝丰县,410400,平顶山市,县
410422,叶县,410400,平顶山市,县
410423,鲁山县,410400,平顶山市,县
410425,郏县,410400,平顶山市,县
410481,舞钢市,410400,平顶山市,县级市
410482,汝州市,410400,平顶山市,县级市
410502,文峰区,410500,安阳市,市辖区
410503,北关区,410500,安阳市,市辖区
410505,殷都区,410500,安阳市,市辖区
410506,龙安区,410500,安阳市,市辖区
410522,安阳县,410500,安阳市,县
410523,汤阴县,410500,安阳市,县
410526,滑县,410500,安阳市,县
410527,内黄县,410500,安阳市,县
410581,林州市,410500,安阳市,县级市
410602,鹤山区,410600,鹤壁市,市辖区
410603,山城区,410600,鹤壁市,市辖区
410611,淇滨区,410600,鹤壁市,市辖区
410621,浚县,410600,鹤壁市,县
410622,淇县,410600,鹤壁市,县
410702,红旗区,410700,新乡市,市辖区
410703,卫滨区,410700,新乡市,市辖区
410704,凤泉区,410700,新乡市,市辖区
410711,牧野区,410700,新乡市,市辖区
410721,新乡县,410700,新乡市,县
410724,获嘉县,410700,新乡市,县
410725,原阳县,410700,新乡市,县
410726,延津县,410700,新乡市,县
410727,封丘县,410700,新乡市,县
410781,卫辉市,410700,新乡市,县级市
410782,辉县市,410700,新乡市,县级市
410783,长垣市,410700,新乡市,县级市
410802,解放区,410800,焦作市,市辖区
410803,中站区,410800,焦作市,市辖区
410804,马村区,410800,焦作市,市辖区
410811,山阳区,410800,焦作市,市辖区
410821,修武县,410800,焦作市,县
410822,博爱县,410800,焦作市,县
410823,武陟县,410800,焦作市,县
410825,温县,410800,焦作市,县
410882,沁阳市,410800,焦作市,县级市
410883,孟州市,410800,焦作市,县级市
410902,华龙区,410900,濮阳市,市辖区
410922,清丰县,410900,濮阳市,县
410923,南乐县,410900,濮阳市,县
410926,范县,410900,濮阳市,县
410927,台前县,410900,濮阳市,县
410928,濮阳县,410900,濮阳市,县
411002,魏都区,411000,许昌市,市辖区
411003,建安区,411000,许昌市,市辖区
411024,鄢陵县,411000,许昌市,县
411025,襄城县,411000,许昌市,县
411081,禹州市,411000,许昌市,县级市
411082,长葛市,411000,许昌市,县级市
411102,源汇区,411100,漯河市,市辖区
411103,郾城区,411100,漯河市,市辖区
411104,召陵区,411100,漯河市,市辖区
411121,舞阳县,411100,漯河市,县
411122,临颍县,411100,漯河市,县
411202,湖滨区,411200,三门峡市,市辖区
411203,陕州区,411200,三门峡市,市辖区
411221,渑池县,411200,三门峡市,县
411224,卢氏县,411200,三门峡市,县
411281,义马市,411200,三门峡市,县级市
411282,灵宝市,411200,三门峡市,县级市
411302,宛城区,411300,南阳市,市辖区
411303,卧龙区,411300,南阳市,市辖区
411321,南召县,411300,南阳市,县
411322,方城县,411300,南阳市,县
411323,西峡县,411300,南阳市,县
411324,镇平县,411300,南阳市,县
411325,内乡县,411300,南阳市,县
411326,淅川县,411300,南阳市,县
411327,社旗县,411300,南阳市,县
411328,唐河县,411300,南阳市,县
411329,新野县,411300,南阳市,县
411330,桐柏县,411300,南阳市,县
411381,邓州市,411300,南阳市,县级市
411402,梁园区,411400,商丘市,市辖区
411403,睢阳区,411400,商丘市,市辖区
411421,民权县,411400,商丘市,县
411422,睢县,411400,商丘市,县
411423,宁陵县,411400,商丘市,县
411424,柘城县,411400,商丘市,县
411425,虞城县,411400,商丘市,县
411426,夏邑县,411400,商丘市,县
411481,永城市,411400,商丘市,县级市
411502,浉河区,411500,信阳市,市辖区
411503,平桥区,411500,信阳市,市辖区
411521,罗山县,411500,信阳市,县
411522,光山县,411500,信阳市,县
411523,新县,411500,信阳市,县
411524,商城县,411500,信阳市,县
411525,固始县,411500,信阳市,县
411526,潢川县,411500,信阳市,县
411527,淮滨县,411500,信阳市,县
411528,息县,411500,信阳市,县
411602,川汇区,411600,周口市,市辖区
411603,淮阳区,411600,周口市,市辖区
411621,扶沟县,411600,周口市,县
411622,西华县,411600,周口市,县
411623,商水县,411600,周口市,县
411624,沈丘县,411600,周口市,县
411625,郸城县,411600,周口市,县
411627,太康县,411600,周口市,县
411628,鹿邑县,411600,周口市,县
411681,项城市,411600,周口市,县级市
411702,驿城区,411700,驻马店市,市辖区
411721,西平县,411700,驻马店市,县
411722,上蔡县,411700,驻马店市,县
411723,平舆县,411700,驻马店市,县
411724,正阳县,411700,驻马店市,县
411725,确山县,411700,驻马店市,县
411726,泌阳县,411700,驻马店市,县
411727,汝南县,411700,驻马店市,县
411728,遂平县,411700,驻马店市,县
411729,新蔡县,411700,驻马店市,县
419001,济源市,419001,济源市,县级市
420102,江岸区,420100,武汉市,市辖区
420103,江汉区,420100,武汉市,市辖区
420104,硚口区,420100,武汉市,市辖区
420105,汉阳区,420100,武汉市,市辖区
420106,武昌区,420100,武汉市,市辖区
420107,青山区,420100,武汉市,市辖区
420111,洪山区,420100,武汉市,市辖区
420112,东西湖区,420100,武汉市,市辖区
420113,汉南区,420100,武汉市,市辖区
420114,蔡甸区,420100,武汉市,市辖区
420115,江夏区,420100,武汉市,市辖区
420116,黄陂区,420100,武汉市,市辖区
420117,新洲区,420100,武汉市,市辖区
420202,黄石港区,420200,黄石市,市辖区
420203,西塞山区,420200,黄石市,市辖区
420204,下陆区,420200,黄石市,市辖区
420205,铁山区,420200,黄石市,市辖区
420222,阳新县,420200,黄石市,县
420281,大冶市,420200,黄石市,县级市
420302,茅箭区,420300,十堰市,市辖区
420303,张湾区,420300,十堰市,市辖区
420304,郧阳区,420300,十堰市,市辖区
420322,郧西县,420300,十堰市,县
420323,竹山县,420300,十堰市,县
420324,竹溪县,420300,十堰市,县
420325,房县,420300,十堰市,县
420381,丹江口市,420300,十堰市,县级市
420502,西陵区,420500,宜昌市,市辖区
420503,伍家岗区,420500,宜昌市,市辖区
420504,点军区,420500,宜昌市,市辖区
420505,猇亭区,420500,宜昌市,市辖区
420506,夷陵区,420500,宜昌市,市辖区
420525,远安县,420500,宜昌市,县
420526,兴山县,420500,宜昌市,县
420527,秭归县,420500,宜昌市,县
420528,长阳土家族自治县,420500,宜昌市,自治县
420529,五峰土家族自治县,420500,宜昌市,自治县
420581,宜都市,420500,宜昌市,县级市
420582,当阳市,420500,宜昌市,县级市
420583,枝江市,420500,宜昌市,县级市
420602,襄城区,420600,襄阳市,市辖区
420606,樊城区,420600,襄阳市,市辖区
420607,襄州区,420600,襄阳市,市辖区
420624,南漳县,420600,襄阳市,县
420625,谷城县,420600,襄阳市,县
420626,保康县,420600,襄阳市,县
420682,老河口市,420600,襄阳市,县级市
420683,枣阳市,420600,襄阳市,县级市
420684,宜城市,420600,襄阳市,县级市
420702,梁子湖区,420700,鄂州市,市辖区
420703,华容区,420700,鄂州市,市辖区
420704,鄂城区,420700,鄂州市,市辖区
420802,东宝区,420800,荆门市,市辖区
420804,掇刀区,420800,荆门市,市辖区
420822,沙洋县,420800,荆门市,县
420881,钟祥市,420800,荆门市,县级市
420882,京山市,420800,荆门市,县级市
420902,孝南区,420900,孝感市,市辖区
420921,孝昌县,420900,孝感市,县
420922,大悟县,420900,孝感市,县
420923,云梦县,420900,孝感市,县
420981,应城市,420900,孝感市,县级市
420982,安陆市,420900,孝感市,县级市
420984,汉川市,420900,孝感市,县级市
421002,沙市区,421000,荆州市,市辖区
421003,荆州区,421000,荆州市,市辖区
421022,公安县,421000,荆州市,县
421023,监利县,421000,荆州市,县
421024,江陵县,421000,荆州市,县
421081,石首市,421000,荆州市,县级市
421083,洪湖市,421000,荆州市,县级市
421087,松滋市,421000,荆州市,县级市
421102,黄州区,421100,黄冈市,市辖区
421121,团风县,421100,黄冈市,县
421122,红安县,421100,黄冈市,县
421123,罗田县,421100,黄冈市,县
421124,英山县,421100,黄冈市,县
421125,浠水县,421100,黄冈市,县
421126,蕲春县,421100,黄冈市,县
421127,黄梅县,421100,黄冈市,县
421181,麻城市,421100,黄冈市,县级市
421182,武穴市,421100,黄冈市,县级市
421202,咸安区,421200,咸宁市,市辖区
421221,嘉鱼县,421200,咸宁市,县
421222,通城县,421200,咸宁市,县
421223,崇阳县,421200,咸宁市,县
421224,通山县,421200,咸宁市,县
421281,赤壁市,421200,咸宁市,县级市
421303,曾都区,421300,随州市,市辖区
421321,随县,421300,随州市,县
421381,广水市,421300,随州市,县级市
422801,恩施市,422800,恩施土家族苗族自治州,县级市
422802,利川市,422800,恩施土家族苗族自治州,县级市
422822,建始县,422800,恩施土家族苗族自治州,县
422823,巴东县,422800,恩施土家族苗族自治州,县
422825,宣恩县,422800,恩施土家族苗族自治州,县
422826,咸丰县,422800,恩施土家族苗族自治州,县
422827,来凤县,422800,恩施土家族苗族自治州,县
422828,鹤峰县,422800,恩施土家族苗族自治州,县
429004,仙桃市,429004,仙桃市,县级市
429005,潜江市,429005,潜江市,县级市
429006,天门市,429006,天门市,县级市
429021,神农架林区,429021,神农架林区,林区
430102,芙蓉区,430100,长沙市,市辖区
430103,天心区,430100,长沙市,市辖区
430104,岳麓区,430100,长沙市,市辖区
430105,开福区,430100,长沙市,市辖区
430111,雨花区,430100,长沙市,市辖区
430112,望城区,430100,长沙市,市辖区
430121,长沙县,430100,长沙市,县
430181,浏阳市,430100,长沙市,县级市
430182,宁乡市,430100,长沙市,县级市
430202,荷塘区,430200,株洲市,市辖区
430203,芦淞区,430200,株洲市,市辖区
430204,石峰区,430200,株洲市,市辖区
430211,天元区,430200,株洲市,市辖区
430212,渌口区,430200,株洲市,市辖区
430223,攸县,430200,株洲市,县
430224,茶陵县,430200,株洲市,县
430225,炎陵县,430200,株洲市,县
430281,醴陵市,430200,株洲市,县级市
430302,雨湖区,430300,湘潭市,市辖区
430304,岳塘区,430300,湘潭市,市辖区
430321,湘潭县,430300,湘潭市,县
430381,湘乡市,430300,湘潭市,县级市
430382,韶山市,430300,湘潭市,县级市
430405,珠晖区,430400,衡阳市,市辖区
430406,雁峰区,430400,衡阳市,市辖区
430407,石鼓区,430400,衡阳市,市辖区
430408,蒸湘区,430400,衡阳市,市辖区
430412,南岳区,430400,衡阳市,市辖区
430421,衡阳县,430400,衡阳市,县
430422,衡南县,430400,衡阳市,县
430423,衡山县,430400,衡阳市,县
430424,衡东县,430400,衡阳市,县
430426,祁东县,430400,衡阳市,县
430481,耒阳市,430400,衡阳市,县级市
430482,常宁市,430400,衡阳市,县级市
430502,双清区,430500,邵阳市,市辖区
430503,大祥区,430500,邵阳市,市辖区
430511,北塔区,430500,邵阳市,市辖区
430522,新邵县,430500,邵阳市,县
430523,邵阳县,430500,邵阳市,县
430524,隆回县,430500,邵阳市,县
430525,洞口县,430500,邵阳市,县
430527,绥宁县,430500,邵阳市,县
430528,新宁县,430500,邵阳市,县
430529,城步苗族自治县,430500,邵阳市,自治县
430581,武冈市,430500,邵阳市,县级市
430582,邵东市,430500,邵阳市,县级市
430602,岳阳楼区,430600,岳阳市,市辖区
430603,云溪区,430600,岳阳市,市辖区
430611,君山区,430600,岳阳市,市辖区
430621,岳阳县,430600,岳阳市,县
430623,华容县,430600,岳阳市,县
430624,湘阴县,430600,岳阳市,县
430626,平江县,430600,岳阳市,县
430681,汨罗市,430600,岳阳市,县级市
430682,临湘市,430600,岳阳市,县级市
430702,武陵区,430700,常德市,市辖区
430703,鼎城区,430700,常德市,市辖区
430721,安乡县,430700,常德市,县
430722,汉寿县,430700,常德市,县
430723,澧县,430700,常德市,县
430724,临澧县,430700,常德市,县
430725,桃源县,430700,常德市,县
430726,石门县,430700,常德市,县
430781,津市市,430700,常德市,县级市
430802,永定区,430800,张家界市,市辖区
430811,武陵源区,430800,张家界市,市辖区
430821,慈利县,430800,张家界市,县
430822,桑植县,430800,张家界市,县
430902,资阳区,430900,益阳市,市辖区
430903,赫山区,430900,益阳市,市辖区
430921,南县,430900,益阳市,县
430922,桃江县,430900,益阳市,县
430923,安化县,430900,益阳市,县
430981,沅江市,430900,益阳市,县级市
431002,北湖区,431000,郴州市,市辖区
431003,苏仙区,431000,郴州市,市辖区
431021,桂阳县,431000,郴州市,县
431022,宜章县,431000,郴州市,县
431023,永兴县,431000,郴州市,县
431024,嘉禾县,431000,郴州市,县
431025,临武县,431000,郴州市,县
431026,汝城县,431000,郴州市,县
431027,桂东县,431000,郴州市,县
431028,安仁县,431000,郴州市,县
431081,资兴市,431000,郴州市,县级市
431102,零陵区,431100,永州市,市辖区
431103,冷水滩区,431100,永州市,市辖区
431121,祁阳县,431100,永州市,县
431122,东安县,431100,永州市,县
431123,双牌县,431100,永州市,县
431124,道县,431100,永州市,县
431125,江永县,431100,永州市,县
431126,宁远县,431100,永州市,县
431127,蓝山县,431100,永州市,县
431128,新田县,431100,永州市,县
431129,江华瑶族自治县,431100,永州市,自治县
431202,鹤城区,431200,怀化市,市辖区
431221,中方县,431200,怀化市,县
431222,沅陵县,431200,怀化市,县
431223,辰溪县,431200,怀化市,县
431224,溆浦县,431200,怀化市,县
431225,会同县,431200,怀化市,县
431226,麻阳苗族自治县,431200,怀化市,自治县
431227,新晃侗族自治县,431200,怀化市,自治县
431228,芷江侗族自治县,431200,怀化市,自治县
431229,靖州苗族侗族自治县,431200,怀化市,自治县
431230,通道侗族自治县,431200,怀化市,自治县
431281,洪江市,431200,怀化市,县级市
431302,娄星区,431300,娄底市,市辖区
431321,双峰县,431300,娄底市,县
431322,新化县,431300,娄底市,县
431381,冷水江市,431300,娄底市,县级市
431382,涟源市,431300,娄底市,县级市
433101,吉首市,433100,湘西土家族苗族自治州,县级市
433122,泸溪县,433100,湘西土家族苗族自治州,县
433123,凤凰县,433100,湘西土家族苗族自治州,县
433124,花垣县,433100,湘西土家族苗族自治州,县
433125,保靖县,433100,湘西土家族苗族自治州,县
433126,古丈县,433100,湘西土家族苗族自治州,县
433127,永顺县,433100,湘西土家族苗族自治州,县
433130,龙山县,433100,湘西土家族苗族自治州,县
440103,荔湾区,440100,广州市,市辖区
440104,越秀区,440100,广州市,市辖区
440105,海珠区,440100,广州市,市辖区
440106,天河区,440100,广州市,市辖区
440111,白云区,440100,广州市,市辖区
440112,黄埔区,440100,广州市,市辖区
440113,番禺区,440100,广州市,市辖区
440114,花都区,440100,广州市,市辖区
440115,南沙区,440100,广州市,市辖区
440117,从化区,440100,广州市,市辖区
440118,增城区,440100,广州市,市辖区
440203,武江区,440200,韶关市,市辖区
440204,浈江区,440200,韶关市,市辖区
440205,曲江区,440200,韶关市,市辖区
440222,始兴县,440200,韶关市,县
440224,仁化县,440200,韶关市,县
440229,翁源县,440200,韶关市,县
440232,乳源瑶族自治县,440200,韶关市,自治县
440233,新丰县,440200,韶关市,县
440281,乐昌市,440200,韶关市,县级市
440282,南雄市,440200,韶关市,县级市
440303,罗湖区,440300,深圳市,市辖区
440304,福田区,440300,深圳市,市辖区
440305,南山区,440300,深圳市,市辖区
440306,宝安区,440300,深圳市,市辖区
440307,龙岗区,440300,深圳市,市辖区
440308,盐田区,440300,深圳市,市辖区
440309,龙华区,440300,深圳市,市辖区
440310,坪山区,440300,深圳市,市辖区
440311,光明区,440300,深圳市,市辖区
440402,香洲区,440400,珠海市,市辖区
440403,斗门区,440400,珠海市,市辖区
440404,金湾区,440400,珠海市,市辖区
440507,龙湖区,440500,汕头市,市辖区
440511,金平区,440500,汕头市,市辖区
440512,濠江区,440500,汕头市,市辖区
440513,潮阳区,440500,汕头市,市辖区
440514,潮南区,440500,汕头市,市辖区
440515,澄海区,440500,汕头市,市辖区
440523,南澳县,440500,汕头市,县
440604,禅城区,440600,佛山市,市辖区
440605,南海区,440600,佛山市,市辖区
440606,顺德区,440600,佛山市,市辖区
440607,三水区,440600,佛山市,市辖区
440608,高明区,440600,佛山市,市辖区
440703,蓬江区,440700,江门市,市辖区
440704,江海区,440700,江门市,市辖区
440705,新会区,440700,江门市,市辖区
440781,台山市,440700,江门市,县级市
440783,开平市,440700,江门市,县级市
440784,鹤山市,440700,江门市,县级市
440785,恩平市,440700,江门市,县级市
440802,赤坎区,440800,湛江市,市辖区
440803,霞山区,440800,湛江市,市辖区
440804,坡头区,440800,湛江市,市辖区
440811,麻章区,440800,湛江市,市辖区
440823,遂溪县,440800,湛江市,县
440825,徐闻县,440800,湛江市,县
440881,廉江市,440800,湛江市,县级市
440882,雷州市,440800,湛江市,县级市
440883,吴川市,440800,湛江市,县级市
440902,茂南区,440900,茂名市,市辖区
440904,电白区,440900,茂名市,市辖区
440981,高州市,440900,茂名市,县级市
440982,化州市,440900,茂名市,县级市
440983,信宜市,440900,茂名市,县级市
441202,端州区,441200,肇庆市,市辖区
441203,鼎湖区,441200,肇庆市,市辖区
441204,高要区,441200,肇庆市,市辖区
441223,广宁县,441200,肇庆市,县
441224,怀集县,441200,肇庆市,县
441225,封开县,441200,肇庆市,县
441226,德庆县,441200,肇庆市,县
441284,四会市,441200,肇庆市,县级市
441302,惠城区,441300,惠州市,市辖区
441303,惠阳区,441300,惠州市,市辖区
441322,博罗县,441300,惠州市,县
441323,惠东县,441300,惠州市,县
441324,龙门县,441300,惠州市,县
441402,梅江区,441400,梅州市,市辖区
441403,梅县区,441400,梅州市,市辖区
441422,大埔县,441400,梅州市,县
441423,丰顺县,441400,梅州市,县
441424,五华县,441400,梅州市,县
441426,平远县,441400,梅州市,县
441427,蕉岭县,441400,梅州市,县
441481,兴宁市,441400,梅州市,县级市
441502,城区,441500,汕尾市,市辖区
441521,海丰县,441500,汕尾市,县
441523,陆河县,441500,汕尾市,县
441581,陆丰市,441500,汕尾市,县级市
441602,源城区,441600,河源市,市辖区
441621,紫金县,441600,河源市,县
441622,龙川县,441600,河源市,县
441623,连平县,441600,河源市,县
441624,和平县,441600,河源市,县
441625,东源县,441600,河源市,县
441702,江城区,441700,阳江市,市辖区
441704,阳东区,441700,阳江市,市辖区
441721,阳西县,441700,阳江市,县
441781,阳春市,441700,阳江市,县级市
441802,清城区,441800,清远市,市辖区
441803,清新区,441800,清远市,市辖区
441821,佛冈县,441800,清远市,县
441823,阳山县,441800,清远市,县
441825,连山壮族瑶族自治县,441800,清远市,自治县
441826,连南瑶族自治县,441800,清远市,自治县
441881,英德市,441800,清远市,县级市
441882,连州市,441800,清远市,县级市
441900,东莞市,441900,东莞市,地级市
442000,中山市,442000,中山市,地级市
445102,湘桥区,445100,潮州市,市辖区
445103,潮安区,445100,潮州市,市辖区
445122,饶平县,445100,潮州市,县
445202,榕城区,445200,揭阳市,市辖区
445203,揭东区,445200,揭阳市,市辖区
445222,揭西县,445200,揭阳市,县
445224,惠来县,445200,揭阳市,县
445281,普宁市,445200,揭阳市,县级市
445302,云城区,445300,云浮市,市辖区
445303,云安区,445300,云浮市,市辖区
445321,新兴县,445300,云浮市,县
445322,郁南县,445300,云浮市,县
445381,罗定市,445300,云浮市,县级市
450102,兴宁区,450100,南宁市,市辖区
450103,青秀区,450100,南宁市,市辖区
450105,江南区,450100,南宁市,市辖区
450107,西乡塘区,450100,南宁市,市辖区
450108,良庆区,450100,南宁市,市辖区
450109,邕宁区,450100,南宁市,市辖区
450110,武鸣区,450100,南宁市,市辖区
450123,隆安县,450100,南宁市,县
450124,马山县,450100,南宁市,县
450125,上林县,450100,南宁市,县
450126,宾阳县,450100,南宁市,县
450127,横县,450100,南宁市,县
450202,城中区,450200,柳州市,市辖区
450203,鱼峰区,450200,柳州市,市辖区
450204,柳南区,450200,柳州市,市辖区
450205,柳北区,450200,柳州市,市辖区
450206,柳江区,450200,柳州市,市辖区
450222,柳城县,450200,柳州市,县
450223,鹿寨县,450200,柳州市,县
450224,融安县,450200,柳州市,县
450225,融水苗族自治县,450200,柳州市,自治县
450226,三江侗族自治县,450200,柳州市,自治县
450302,秀峰区,450300,桂林市,市辖区
450303,叠彩区,450300,桂林市,市辖区
450304,象山区,450300,桂林市,市辖区
450305,七星区,450300,桂林市,市辖区
450311,雁山区,450300,桂林市,市辖区
450312,临桂区,450300,桂林市,市辖区
450321,阳朔县,450300,桂林市,县
450323,灵川县,450300,桂林市,县
450324,全州县,450300,桂林市,县
450325,兴安县,450300,桂林市,县
450326,永福县,450300,桂林市,县
450327,灌阳县,450300,桂林市,县
450328,龙胜各族自治县,450300,桂林市,自治县
450329,资源县,450300,桂林市,县
450330,平乐县,450300,桂林市,县
450332,恭城瑶族自治县,450300,桂林市,自治县
450381,荔浦市,450300,桂林市,县级市
450403,万秀区,450400,梧州市,市辖区
450405,长洲区,450400,梧州市,市辖区
450406,龙圩区,450400,梧州市,市辖区
450421,苍梧县,450400,梧州市,县
450422,藤县,450400,梧州市,县
450423,蒙山县,450400,梧州市,县
450481,岑溪市,450400,梧州市,县级市
450502,海城区,450500,北海市,市辖区
450503,银海区,450500,北海市,市辖区
450512,铁山港区,450500,北海市,市辖区
450521,合浦县,450500,北海市,县
450602,港口区,450600,防城港市,市辖区
450603,防城区,450600,防城港市,市辖区
450621,上思县,450600,防城港市,县
450681,东兴市,450600,防城港市,县级市
450702,钦南区,450700,钦州市,市辖区
450703,钦北区,450700,钦州市,市辖区
450721,灵山县,450700,钦州市,县
450722,浦北县,450700,钦州市,县
450802,港北区,450800,贵港市,市辖区
450803,港南区,450800,贵港市,市辖区
450804,覃塘区,450800,贵港市,市辖区
450821,平南县,450800,贵港市,县
450881,桂平市,450800,贵港市,县级市
450902,玉州区,450900,玉林市,市辖区
450903,福绵区,450900,玉林市,市辖区
450921,容县,450900,玉林市,县
450922,陆川县,450900,玉林市,县
450923,博白县,450900,玉林市,县
450924,兴业县,450900,玉林市,县
450981,北流市,450900,玉林市,县级市
451002,右江区,451000,百色市,市辖区
451003,田阳区,451000,百色市,市辖区
451022,田东县,451000,百色市,县
451024,德保县,451000,百色市,县
451026,那坡县,451000,百色市,县
451027,凌云县,451000,百色市,县
451028,乐业县,451000,百色市,县
451029,田林县,451000,百色市,县
451030,西林县,451000,百色市,县
451031,隆林各族自治县,451000,百色市,自治县
451081,靖西市,451000,百色市,县级市
451082,平果市,451000,百色市,县级市
451102,八步区,451100,贺州市,市辖区
451103,平桂区,451100,贺州市,市辖区
451121,昭平县,451100,贺州市,县
451122,钟山县,451100,贺州市,县
451123,富川瑶族自治县,451100,贺州市,自治县
451202,金城江区,451200,河池市,市辖区
451203,宜州区,451200,河池市,市辖区
451221,南丹县,451200,河池市,县
451222,天峨县,451200,河池市,县
451223,凤山县,451200,河池市,县
451224,东兰县,451200,河池市,县
451225,罗城仫佬族自治县,451200,河池市,自治县
451226,环江毛南族自治县,451200,河池市,自治县
451227,巴马瑶族自治县,451200,河池市,自治县
451228,都安瑶族自治县,451200,河池市,自治县
451229,大化瑶族自治县,451200,河池市,自治县
451302,兴宾区,451300,来宾市,市辖区
451321,忻城县,451300,来宾市,县
451322,象州县,451300,来宾市,县
451323,武宣县,451300,来宾市,县
451324,金秀瑶族自治县,451300,来宾市,自治县
451381,合山市,451300,来宾市,县级市
451402,江州区,451400,崇左市,市辖区
451421,扶绥县,451400,崇左市,县
451422,宁明县,451400,崇左市,县
451423,龙州县,451400,崇左市,县
451424,大新县,451400,崇左市,县
451425,天等县,451400,崇左市,县
451481,凭祥市,451400,崇左市,县级市
460105,秀英区,460100,海口市,市辖区
460106,龙华区,460100,海口市,市辖区
460107,琼山区,460100,海口市,市辖区
460108,美兰区,460100,海口市,市辖区
460202,海棠区,460200,三亚市,市辖区
460203,吉阳区,460200,三亚市,市辖区
460204,天涯区,460200,三亚市,市辖区
460205,崖州区,460200,三亚市,市辖区
460300,三沙市,460300,三沙市,地级市
460400,儋州市,460400,儋州市,地级市
469001,五指山市,469001,五指山市,县级市
469002,琼海市,469002,琼海市,县级市
469005,文昌市,469005,文昌市,县级市
469006,万宁市,469006,万宁市,县级市
469007,东方市,469007,东方市,县级市
469021,定安县,469021,定安县,县
469022,屯昌县,469022,屯昌县,县
469023,澄迈县,469023,澄迈县,县
469024,临高县,469024,临高县,县
469025,白沙黎族自治县,469025,白沙黎族自治县,自治县
469026,昌江黎族自治县,469026,昌江黎族自治县,自治县
469027,乐东黎族自治县,469027,乐东黎族自治县,自治县
469028,陵水黎族自治县,469028,陵水黎族自治县,自治县
469029,保亭黎族苗族自治县,469029,保亭黎族苗族自治县,自治县
469030,琼中黎族苗族自治县,469030,琼中黎族苗族自治县,自治县
500101,万州区,500000,重庆市,市辖区
500102,涪陵区,500000,重庆市,市辖区
500103,渝中区,500000,重庆市,市辖区
500104,大渡口区,500000,重庆市,市辖区
500105,江北区,500000,重庆市,市辖区
500106,沙坪坝区,500000,重庆市,市辖区
500107,九龙坡区,500000,重庆市,市辖区
500108,南岸区,500000,重庆市,市辖区
500109,北碚区,500000,重庆市,市辖区
500110,綦江区,500000,重庆市,市辖区
500111,大足区,500000,重庆市,市辖区
500112,渝北区,500000,重庆市,市辖区
500113,巴南区,500000,重庆市,市辖区
500114,黔江区,500000,重庆市,市辖区
500115,长寿区,500000,重庆市,市辖区
500116,江津区,500000,重庆市,市辖区
500117,合川区,500000,重庆市,市辖区
500118,永川区,500000,重庆市,市辖区
500119,南川区,500000,重庆市,市辖区
500120,璧山区,500000,重庆市,市辖区
500151,铜梁区,500000,重庆市,市辖区
500152,潼南区,500000,重庆市,市辖区
500153,荣昌区,500000,重庆市,市辖区
500154,开州区,500000,重庆市,市辖区
500155,梁平区,500000,重庆市,市辖区
500156,武隆区,500000,重庆市,市辖区
500229,城口县,500000,重庆市,县
500230,丰都县,500000,重庆市,县
500231,垫江县,500000,重庆市,县
500233,忠县,500000,重庆市,县
500235,云阳县,500000,重庆市,县
500236,奉节县,500000,重庆市,县
500237,巫山县,500000,重庆市,县
500238,巫溪县,500000,重庆市,县
500240,石柱土家族自治县,500000,重庆市,自治县
500241,秀山土家族苗族自治县,500000,重庆市,自治县
500242,酉阳土家族苗族自治县,500000,重庆市,自治县
500243,彭水苗族土家族自治县,500000,重庆市,自治县
510104,锦江区,510100,成都市,市辖区
510105,青羊区,510100,成都市,市辖区
510106,金牛区,510100,成都市,市辖区
510107,武侯区,510100,成都市,市辖区
510108,成华区,510100,成都市,市辖区
510112,龙泉驿区,510100,成都市,市辖区
510113,青白江区,510100,成都市,市辖区
510114,新都区,510100,成都市,市辖区
510115,温江区,510100,成都市,市辖区
510116,双流区,510100,成都市,市辖区
510117,郫都区,510100,成都市,市辖区
510121,金堂县,510100,成都市,县
510129,大邑县,510100,成都市,县
510131,蒲江县,510100,成都市,县
510132,新津县,510100,成都市,县
510181,都江堰市,510100,成都市,县级市
510182,彭州市,510100,成都市,县级市
510183,邛崃市,510100,成都市,县级市
510184,崇州市,510100,成都市,县级市
510185,简阳市,510100,成都市,县级市
510302,自流井区,510300,自贡市,市辖区
510303,贡井区,510300,自贡市,市辖区
510304,大安区,510300,自贡市,市辖区
510311,沿滩区,510300,自贡市,市辖区
510321,荣县,510300,自贡市,县
510322,富顺县,510300,自贡市,县
510402,东区,510400,攀枝花市,市辖区
510403,西区,510400,攀枝花市,市辖区
510411,仁和区,510400,攀枝花市,市辖区
510421,米易县,510400,攀枝花市,县
510422,盐边县,510400,攀枝花市,县
510502,江阳区,510500,泸州市,市辖区
510503,纳溪区,510500,泸州市,市辖区
510504,龙马潭区,510500,泸州市,市辖区
510521,泸县,510500,泸州市,县
510522,合江县,510500,泸州市,县
510524,叙永县,510500,泸州市,县
510525,古蔺县,510500,泸州市,县
510603,旌阳区,510600,德阳市,市辖区
510604,罗江区,510600,德阳市,市辖区
510623,中江县,510600,德阳市,县
510681,广汉市,510600,德阳市,县级市
510682,什邡市,510600,德阳市,县级市
510683,绵竹市,510600,德阳市,县级市
510703,涪城区,510700,绵阳市,市辖区
510704,游仙区,510700,绵阳市,市辖区
510705,安州区,510700,绵阳市,市辖区
510722,三台县,510700,绵阳市,县
510723,盐亭县,510700,绵阳市,县
510725,梓潼县,510700,绵阳市,县
510726,北川羌族自治县,510700,绵阳市,自治县
510727,平武县,510700,绵阳市,县
510781,江油市,510700,绵阳市,县级市
510802,利州区,510800,广元市,市辖区
510811,昭化区,510800,广元市,市辖区
510812,朝天区,510800,广元市,市辖区
510821,旺苍县,510800,广元市,县
510822,青川县,510800,广元市,县
510823,剑阁县,510800,广元市,县
510824,苍溪县,510800,广元市,县
510903,船山区,510900,遂宁市,市辖区
510904,安居区,510900,遂宁市,市辖区
510921,蓬溪县,510900,遂宁市,县
510923,大英县,510900,遂宁市,县
510981,射洪市,510900,遂宁市,县级市
511002,市中区,511000,内江市,市辖区
511011,东兴区,511000,内江市,市辖区
511024,威远县,511000,内江市,县
511025,资中县,511000,内江市,县
511083,隆昌市,511000,内江市,县级市
511102,市中区,511100,乐山市,市辖区
511111,沙湾区,511100,乐山市,市辖区
511112,五通桥区,511100,乐山市,市辖区
511113,金口河区,511100,乐山市,市辖区
511123,犍为县,511100,乐山市,县
511124,井研县,511100,乐山市,县
511126,夹江县,511100,乐山市,县
511129,沐川县,511100,乐山市,县
511132,峨边彝族自治县,511100,乐山市,自治县
511133,马边彝族自治县,511100,乐山市,自治县
511181,峨眉山市,511100,乐山市,县级市
511302,顺庆区,511300,南充市,市辖区
511303,高坪区,511300,南充市,市辖区
511304,嘉陵区,511300,南充市,市辖区
511321,南部县,511300,南充市,县
511322,营山县,511300,南充市,县
511323,蓬安县,511300,南充市,县
511324,仪陇县,511300,南充市,县
511325,西充县,511300,南充市,县
511381,阆中市,511300,南充市,县级市
511402,东坡区,511400,眉山市,市辖区
511403,彭山区,511400,眉山市,市辖区
511421,仁寿县,511400,眉山市,县
511423,洪雅县,511400,眉山市,县
511424,丹棱县,511400,眉山市,县
511425,青神县,511400,眉山市,县
511502,翠屏区,511500,宜宾市,市辖区
511503,南溪区,511500,宜宾市,市辖区
511504,叙州区,511500,宜宾市,市辖区
511523,江安县,511500,宜宾市,县
511524,长宁县,511500,宜宾市,县
511525,高县,511500,宜宾市,县
511526,珙县,511500,宜宾市,县
511527,筠连县,511500,宜宾市,县
511528,兴文县,511500,宜宾市,县
511529,屏山县,511500,宜宾市,县
511602,广安区,511600,广安市,市辖区
511603,前锋区,511600,广安市,市辖区
511621,岳池县,511600,广安市,县
511622,武胜县,511600,广安市,县
511623,邻水县,511600,广安市,县
511681,华蓥市,511600,广安市,县级市
511702,通川区,511700,达州市,市辖区
511703,达川区,511700,达州市,市辖区
511722,宣汉县,511700,达州市,县
511723,开江县,511700,达州市,县
511724,大竹县,511700,达州市,县
511725,渠县,511700,达州市,县
511781,万源市,511700,达州市,县级市
511802,雨城区,511800,雅安市,市辖区
511803,名山区,511800,雅安市,市辖区
511822,荥经县,511800,雅安市,县
511823,汉源县,511800,雅安市,县
511824,石棉县,511800,雅安市,县
511825,天全县,511800,雅安市,县
511826,芦山县,511800,雅安市,县
511827,宝兴县,511800,雅安市,县
511902,巴州区,511900,巴中市,市辖区
511903,恩阳区,511900,巴中市,市辖区
511921,通江县,511900,巴中市,县
511922,南江县,511900,巴中市,县
511923,平昌县,511900,巴中市,县
512002,雁江区,512000,资阳市,市辖区
512021,安岳县,512000,资阳市,县
512022,乐至县,512000,资阳市,县
513201,马尔康市,513200,阿坝藏族羌族自治州,县级市
513221,汶川县,513200,阿坝藏族羌族自治州,县
513222,理县,513200,阿坝藏族羌族自治州,县
513223,茂县,513200,阿坝藏族羌族自治州,县
513224,松潘县,513200,阿坝藏族羌族自治州,县
513225,九寨沟县,513200,阿坝藏族羌族自治州,县
513226,金川县,513200,阿坝藏族羌族自治州,县
513227,小金县,513200,阿坝藏族羌族自治州,县
513228,黑水县,513200,阿坝藏族羌族自治州,县
513230,壤塘县,513200,阿坝藏族羌族自治州,县
513231,阿坝县,513200,阿坝藏族羌族自治州,县
513232,若尔盖县,513200,阿坝藏族羌族自治州,县
513233,红原县,513200,阿坝藏族羌族自治州,县
513301,康定市,513300,甘孜藏族自治州,县级市
513322,泸定县,513300,甘孜藏族自治州,县
513323,丹巴县,513300,甘孜藏族自治州,县
513324,九龙县,513300,甘孜藏族自治州,县
513325,雅江县,513300,甘孜藏族自治州,县
513326,道孚县,513300,甘孜藏族自治州,县
513327,炉霍县,513300,甘孜藏族自治州,县
513328,甘孜县,513300,甘孜藏族自治州,县
513329,新龙县,513300,甘孜藏族自治州,县
513330,德格县,513300,甘孜藏族自治州,县
513331,白玉县,513300,甘孜藏族自治州,县
513332,石渠县,513300,甘孜藏族自治州,县
513333,色达县,513300,甘孜藏族自治州,县
513334,理塘县,513300,甘孜藏族自治州,县
513335,巴塘县,513300,甘孜藏族自治州,县
513336,乡城县,513300,甘孜藏族自治州,县
513337,稻城县,513300,甘孜藏族自治州,县
513338,得荣县,513300,甘孜藏族自治州,县
513401,西昌市,513400,凉山彝族自治州,县级市
513422,木里藏族自治县,513400,凉山彝族自治州,自治县
513423,盐源县,513400,凉山彝族自治州,县
513424,德昌县,513400,凉山彝族自治州,县
513425,会理县,513400,凉山彝族自治州,县
513426,会东县,513400,凉山彝族自治州,县
513427,宁南县,513400,凉山彝族自治州,县
513428,普格县,513400,凉山彝族自治州,县
513429,布拖县,513400,凉山彝族自治州,县
513430,金阳县,513400,凉山彝族自治州,县
513431,昭觉县,513400,凉山彝族自治州,县
513432,喜德县,513400,凉山彝族自治州,县
513433,冕宁县,513400,凉山彝族自治州,县
513434,越西县,513400,凉山彝族自治州,县
513435,甘洛县,513400,凉山彝族自治州,县
513436,美姑县,513400,凉山彝族自治州,县
513437,雷波县,513400,凉山彝族自治州,县
520102,南明区,520100,贵阳市,市辖区
520103,云岩区,520100,贵阳市,市辖区
520111,花溪区,520100,贵阳市,市辖区
520112,乌当区,520100,贵阳市,市辖区
520113,白云区,520100,贵阳市,市辖区
520115,观山湖区,520100,贵阳市,市辖区
520121,开阳县,520100,贵阳市,县
520122,息烽县,520100,贵阳市,县
520123,修文县,520100,贵阳市,县
520181,清镇市,520100,贵阳市,县级市
520201,钟山区,520200,六盘水市,市辖区
520203,六枝特区,520200,六盘水市,特区
520221,水城县,520200,六盘水市,县
520281,盘州市,520200,六盘水市,县级市
520302,红花岗区,520300,遵义市,市辖区
520303,汇川区,520300,遵义市,市辖区
520304,播州区,520300,遵义市,市辖区
520322,桐梓县,520300,遵义市,县
520323,绥阳县,520300,遵义市,县
520324,正安县,520300,遵义市,县
520325,道真仡佬族苗族自治县,520300,遵义市,自治县
520326,务川仡佬族苗族自治县,520300,遵义市,自治县
520327,凤冈县,520300,遵义市,县
520328,湄潭县,520300,遵义市,县
520329,余庆县,520300,遵义市,县
520330,习水县,520300,遵义市,县
520381,赤水市,520300,遵义市,县级市
520382,仁怀市,520300,遵义市,县级市
520402,西秀区,520400,安顺市,市辖区
520403,平坝区,520400,安顺市,市辖区
520422,普定县,520400,安顺市,县
520423,镇宁布依族苗族自治县,520400,安顺市,自治县
520424,关岭布依族苗族自治县,520400,安顺市,自治县
520425,紫云苗族布依族自治县,520400,安顺市,自治县
520502,七星关区,520500,毕节市,市辖区
520521,大方县,520500,毕节市,县
520522,黔西县,520500,毕节市,县
520523,金沙县,520500,毕节市,县
520524,织金县,520500,毕节市,县
520525,纳雍县,520500,毕节市,县
520526,威宁彝族回族苗族自治县,520500,毕节市,自治县
520527,赫章县,520500,毕节市,县
520602,碧江区,520600,铜仁市,市辖区
520603,万山区,520600,铜仁市,市辖区
520621,江口县,520600,铜仁市,县
520622,玉屏侗族自治县,520600,铜仁市,自治县
520623,石阡县,520600,铜仁市,县
520624,思南县,520600,铜仁市,县
520625,印江土家族苗族自治县,520600,铜仁市,自治县
520626,德江县,520600,铜仁市,县
520627,沿河土家族自治县,520600,铜仁市,自治县
520628,松桃苗族自治县,520600,铜仁市,自治县
522301,兴义市,522300,黔西南布依族苗族自治州,县级市
522302,兴仁市,522300,黔西南布依族苗族自治州,县级市
522323,普安县,522300,黔西南布依族苗族自治州,县
522324,晴隆县,522300,黔西南布依族苗族自治州,县
522325,贞丰县,522300,黔西南布依族苗族自治州,县
522326,望谟县,522300,黔西南布依族苗族自治州,县
522327,册亨县,522300,黔西南布依族苗族自治州,县
522328,安龙县,522300,黔西南布依族苗族自治州,县
522601,凯里市,522600,黔东南苗族侗族自治州,县级市
522622,黄平县,522600,黔东南苗族侗族自治州,县
522623,施秉县,522600,黔东南苗族侗族自治州,县
522624,三穗县,522600,黔东南苗族侗族自治州,县
522625,镇远县,522600,黔东南苗族侗族自治州,县
522626,岑巩县,522600,黔东南苗族侗族自治州,县
522627,天柱县,522600,黔东南苗族侗族自治州,县
522628,锦屏县,522600,黔东南苗族侗族自治州,县
522629,剑河县,522600,黔东南苗族侗族自治州,县
522630,台江县,522600,黔东南苗族侗族自治州,县
522631,黎平县,522600,黔东南苗族侗族自治州,县
522632,榕江县,522600,黔东南苗族侗族自治州,县
522633,从江县,522600,黔东南苗族侗族自治州,县
522634,雷山县,522600,黔东南苗族侗族自治州,县
522635,麻江县,522600,黔东南苗族侗族自治州,县
522636,丹寨县,522600,黔东南苗族侗族自治州,县
522701,都匀市,522700,黔南布依族苗族自治州,县级市
522702,福泉市,522700,黔南布依族苗族自治州,县级市
522722,荔波县,522700,黔南布依族苗族自治州,县
522723,贵定县,522700,黔南布依族苗族自治州,县
522725,瓮安县,522700,黔南布依族苗族自治州,县
522726,独山县,522700,黔南布依族苗族自治州,县
522727,平塘县,522700,黔南布依族苗族自治州,县
522728,罗甸县,522700,黔南布依族苗族自治州,县
522729,长顺县,522700,黔南布依族苗族自治州,县
522730,龙里县,522700,黔南布依族苗族自治州,县
522731,惠水县,522700,黔南布依族苗族自治州,县
522732,三都水族自治县,522700,黔南布依族苗族自治州,自治县
530102,五华区,530100,昆明市,市辖区
530103,盘龙区,530100,昆明市,市辖区
530111,官渡区,530100,昆明市,市辖区
530112,西山区,530100,昆明市,市辖区
530113,东川区,530100,昆明市,市辖区
530114,呈贡区,530100,昆明市,市辖区
530115,晋宁区,530100,昆明市,市辖区
530124,富民县,530100,昆明市,县
530125,宜良县,530100,昆明市,县
530126,石林彝族自治县,530100,昆明市,自治县
530127,嵩明县,530100,昆明市,县
530128,禄劝彝族苗族自治县,530100,昆明市,自治县
530129,寻甸回族彝族自治县,530100,昆明市,自治县
530181,安宁市,530100,昆明市,县级市
530302,麒麟区,530300,曲靖市,市辖区
530303,沾益区,530300,曲靖市,市辖区
530304,马龙区,530300,曲靖市,市辖区
530322,陆良县,530300,曲靖市,县
530323,师宗县,530300,曲靖市,县
530324,罗平县,530300,曲靖市,县
530325,富源县,530300,曲靖市,县
530326,会泽县,530300,曲靖市,县
530381,宣威市,530300,曲靖市,县级市
530402,红塔区,530400,玉溪市,市辖区
530403,江川区,530400,玉溪市,市辖区
530423,通海县,530400,玉溪市,县
530424,华宁县,530400,玉溪市,县
530425,易门县,530400,玉溪市,县
530426,峨山彝族自治县,530400,玉溪市,自治县
530427,新平彝族傣族自治县,530400,玉溪市,自治县
530428,元江哈尼族彝族傣族自治县,530400,玉溪市,自治县
530481,澄江市,530400,玉溪市,县级市
530502,隆阳区,530500,保山市,市辖区
530521,施甸县,530500,保山市,县
530523,龙陵县,530500,保山市,县
530524,昌宁县,530500,保山市,县
530581,腾冲市,530500,保山市,县级市
530602,昭阳区,530600,昭通市,市辖区
530621,鲁甸县,530600,昭通市,县
530622,巧家县,530600,昭通市,县
530623,盐津县,530600,昭通市,县
530624,大关县,530600,昭通市,县
530625,永善县,530600,昭通市,县
530626,绥江县,530600,昭通市,县
530627,镇雄县,530600,昭通市,县
530628,彝良县,530600,昭通市,县
530629,威信县,530600,昭通市,县
530681,水富市,530600,昭通市,县级市
530702,古城区,530700,丽江市,市辖区
530721,玉龙纳西族自治县,530700,丽江市,自治县
530722,永胜县,530700,丽江市,县
530723,华坪县,530700,丽江市,县
530724,宁蒗彝族自治县,530700,丽江市,自治县
530802,思茅区,530800,普洱市,市辖区
530821,宁洱哈尼族彝族自治县,530800,普洱市,自治县
530822,墨江哈尼族自治县,530800,普洱市,自治县
530823,景东彝族自治县,530800,普洱市,自治县
530824,景谷傣族彝族自治县,530800,普洱市,自治县
530825,镇沅彝族哈尼族拉祜族自治县,530800,普洱市,自治县
530826,江城哈尼族彝族自治县,530800,普洱市,自治县
530827,孟连傣族拉祜族佤族自治县,530800,普洱市,自治县
530828,澜沧拉祜族自治县,530800,普洱市,自治县
530829,西盟佤族自治县,530800,普洱市,自治县
530902,临翔区,530900,临沧市,市辖区
530921,凤庆县,530900,临沧市,县
530922,云县,530900,临沧市,县
530923,永德县,530900,临沧市,县
530924,镇康县,530900,临沧市,县
530925,双江拉祜族佤族布朗族傣族自治县,530900,临沧市,自治县
530926,耿马傣族佤族自治县,530900,临沧市,自治县
530927,沧源佤族自治县,530900,临沧市,自治县
532301,楚雄市,532300,楚雄彝族自治州,县级市
532322,双柏县,532300,楚雄彝族自治州,县
532323,牟定县,532300,楚雄彝族自治州,县
532324,南华县,532300,楚雄彝族自治州,县
532325,姚安县,532300,楚雄彝族自治州,县
532326,大姚县,532300,楚雄彝族自治州,县
532327,永仁县,532300,楚雄彝族自治州,县
532328,元谋县,532300,楚雄彝族自治州,县
532329,武定县,532300,楚雄彝族自治州,县
532331,禄丰县,532300,楚雄彝族自治州,县
532501,个旧市,532500,红河哈尼族彝族自治州,县级市
532502,开远市,532500,红河哈尼族彝族自治州,县级市
532503,蒙自市,532500,红河哈尼族彝族自治州,县级市
532504,弥勒市,532500,红河哈尼族彝族自治州,县级市
532523,屏边苗族自治县,532500,红河哈尼族彝族自治州,自治县
532524,建水县,532500,红河哈尼族彝族自治州,县
532525,石屏县,532500,红河哈尼族彝族自治州,县
532527,泸西县,532500,红河哈尼族彝族自治州,县
532528,元阳县,532500,红河哈尼族彝族自治州,县
532529,红河县,532500,红河哈尼族彝族自治州,县
532530,金平苗族瑶族傣族自治县,532500,红河哈尼族彝族自治州,自治县
532531,绿春县,532500,红河哈尼族彝族自治州,县
532532,河口瑶族自治县,532500,红河哈尼族彝族自治州,自治县
532601,文山市,532600,文山壮族苗族自治州,县级市
532622,砚山县,532600,文山壮族苗族自治州,县
532623,西畴县,532600,文山壮族苗族自治州,县
532624,麻栗坡县,532600,文山壮族苗族自治州,县
532625,马关县,532600,文山壮族苗族自治州,县
532626,丘北县,532600,文山壮族苗族自治州,县
532627,广南县,532600,文山壮族苗族自治州,县
532628,富宁县,532600,文山壮族苗族自治州,县
532801,景洪市,532800,西双版纳傣族自治州,县级市
532822,勐海县,532800,西双版纳傣族自治州,县
532823,勐腊县,532800,西双版纳傣族自治州,县
532901,大理市,532900,大理白族自治州,县级市
532922,漾濞彝族自治县,532900,大理白族自治州,自治县
532923,祥云县,532900,大理白族自治州,县
532924,宾川县,532900,大理白族自治州,县
532925,弥渡县,532900,大理白族自治州,县
532926,南涧彝族自治县,532900,大理白族自治州,自治县
532927,巍山彝族回族自治县,532900,大理白族自治州,自治县
532928,永平县,532900,大理白族自治州,县
532929,云龙县,532900,大理白族自治州,县
532930,洱源县,532900,大理白族自治州,县
532931,剑川县,532900,大理白族自治州,县
532932,鹤庆县,532900,大理白族自治州,县
533102,瑞丽市,533100,德宏傣族景颇族自治州,县级市
533103,芒市,533100,德宏傣族景颇族自治州,县级市
533122,梁河县,533100,德宏傣族景颇族自治州,县
533123,盈江县,533100,德宏傣族景颇族自治州,县
533124,陇川县,533100,德宏傣族景颇族自治州,县
533301,泸水市,533300,怒江傈僳族自治州,市辖区
533323,福贡县,533300,怒江傈僳族自治州,县
533324,贡山独龙族怒族自治县,533300,怒江傈僳族自治州,自治县
533325,兰坪白族普米族自治县,533300,怒江傈僳族自治州,自治县
533401,香格里拉市,533400,迪庆藏族自治州,县级市
533422,德钦县,533400,迪庆藏族自治州,县
533423,维西傈僳族自治县,533400,迪庆藏族自治州,自治县
540102,城关区,540100,拉萨市,市辖区
540103,堆龙德庆区,540100,拉萨市,市辖区
540104,达孜区,540100,拉萨市,市辖区
540121,林周县,540100,拉萨市,县
540122,当雄县,540100,拉萨市,县
540123,尼木县,540100,拉萨市,县
540124,曲水县,540100,拉萨市,县
540127,墨竹工卡县,540100,拉萨市,县
540202,桑珠孜区,540200,日喀则市,市辖区
540221,南木林县,540200,日喀则市,县
540222,江孜县,540200,日喀则市,县
540223,定日县,540200,日喀则市,县
540224,萨迦县,540200,日喀则市,县
540225,拉孜县,540200,日喀则市,县
540226,昂仁县,540200,日喀则市,县
540227,谢通门县,540200,日喀则市,县
540228,白朗县,540200,日喀则市,县
540229,仁布县,540200,日喀则市,县
540230,康马县,540200,日喀则市,县
540231,定结县,540200,日喀则市,县
540232,仲巴县,540200,日喀则市,县
540233,亚东县,540200,日喀则市,县
540234,吉隆县,540200,日喀则市,县
540235,聂拉木县,540200,日喀则市,县
540236,萨嘎县,540200,日喀则市,县
540237,岗巴县,540200,日喀则市,县
540302,卡若区,540300,昌都市,市辖区
540321,江达县,540300,昌都市,县
540322,贡觉县,540300,昌都市,县
540323,类乌齐县,540300,昌都市,县
540324,丁青县,540300,昌都市,县
540325,察雅县,540300,昌都市,县
540326,八宿县,540300,昌都市,县
540327,左贡县,540300,昌都市,县
540328,芒康县,540300,昌都市,县
540329,洛隆县,540300,昌都市,县
540330,边坝县,540300,昌都市,县
540402,巴宜区,540400,林芝市,市辖区
540421,工布江达县,540400,林芝市,县
540422,米林县,540400,林芝市,县
540423,墨脱县,540400,林芝市,县
540424,波密县,540400,林芝市,县
540425,察隅县,540400,林芝市,县
540426,朗县,540400,林芝市,县
540502,乃东区,540500,山南市,市辖区
540521,扎囊县,540500,山南市,县
540522,贡嘎县,540500,山南市,县
540523,桑日县,540500,山南市,县
540524,琼结县,540500,山南市,县
540525,曲松县,540500,山南市,县
540526,措美县,540500,山南市,县
540527,洛扎县,540500,山南市,县
540528,加查县,540500,山南市,县
540529,隆子县,540500,山南市,县
540530,错那县,540500,山南市,县
540531,浪卡子县,540500,山南市,县
540602,色尼区,540600,那曲市,市辖区
540621,嘉黎县,540600,那曲市,县
540622,比如县,540600,那曲市,县
540623,聂荣县,540600,那曲市,县
540624,安多县,540600,那曲市,县
540625,申扎县,540600,那曲市,县
540626,索县,540600,那曲市,县
540627,班戈县,540600,那曲市,县
540628,巴青县,540600,那曲市,县
540629,尼玛县,540600,那曲市,县
540630,双湖县,540600,那曲市,县
542521,普兰县,542500,阿里地区,县
542522,札达县,542500,阿里地区,县
542523,噶尔县,542500,阿里地区,县
542524,日土县,542500,阿里地区,县
542525,革吉县,542500,阿里地区,县
542526,改则县,542500,阿里地区,县
542527,措勤县,542500,阿里地区,县
610102,新城区,610100,西安市,市辖区
610103,碑林区,610100,西安市,市辖区
610104,莲湖区,610100,西安市,市辖区
610111,灞桥区,610100,西安市,市辖区
610112,未央区,610100,西安市,市辖区
610113,雁塔区,610100,西安市,市辖区
610114,阎良区,610100,西安市,市辖区
610115,临潼区,610100,西安市,市辖区
610116,长安区,610100,西安市,市辖区
610117,高陵区,610100,西安市,市辖区
610118,鄠邑区,610100,西安市,市辖区
610122,蓝田县,610100,西安市,县
610124,周至县,610100,西安市,县
610202,王益区,610200,铜川市,市辖区
610203,印台区,610200,铜川市,市辖区
610204,耀州区,610200,铜川市,市辖区
610222,宜君县,610200,铜川市,县
610302,渭滨区,610300,宝鸡市,市辖区
610303,金台区,610300,宝鸡市,市辖区
610304,陈仓区,610300,宝鸡市,市辖区
610322,凤翔县,610300,宝鸡市,县
610323,岐山县,610300,宝鸡市,县
610324,扶风县,610300,宝鸡市,县
610326,眉县,610300,宝鸡市,县
610327,陇县,610300,宝鸡市,县
610328,千阳县,610300,宝鸡市,县
610329,麟游县,610300,宝鸡市,县
610330,凤县,610300,宝鸡市,县
610331,太白县,610300,宝鸡市,县
610402,秦都区,610400,咸阳市,市辖区
610403,杨陵区,610400,咸阳市,市辖区
610404,渭城区,610400,咸阳市,市辖区
610422,三原县,610400,咸阳市,县
610423,泾阳县,610400,咸阳市,县
610424,乾县,610400,咸阳市,县
610425,礼泉县,610400,咸阳市,县
610426,永寿县,610400,咸阳市,县
610428,长武县,610400,咸阳市,县
610429,旬邑县,610400,咸阳市,县
610430,淳化县,610400,咸阳市,县
610431,武功县,610400,咸阳市,县
610481,兴平市,610400,咸阳市,县级市
610482,彬州市,610400,咸阳市,县级市
610502,临渭区,610500,渭南市,市辖区
610503,华州区,610500,渭南市,市辖区
610522,潼关县,610500,渭南市,县
610523,大荔县,610500,渭南市,县
610524,合阳县,610500,渭南市,县
610525,澄城县,610500,渭南市,县
610526,蒲城县,610500,渭南市,县
610527,白水县,610500,渭南市,县
610528,富平县,610500,渭南市,县
610581,韩城市,610500,渭南市,县级市
610582,华阴市,610500,渭南市,县级市
610602,宝塔区,610600,延安市,市辖区
610603,安塞区,610600,延安市,市辖区
610621,延长县,610600,延安市,县
610622,延川县,610600,延安市,县
610625,志丹县,610600,延安市,县
610626,吴起县,610600,延安市,县
610627,甘泉县,610600,延安市,县
610628,富县,610600,延安市,县
610629,洛川县,610600,延安市,县
610630,宜川县,610600,延安市,县
610631,黄龙县,610600,延安市,县
610632,黄陵县,610600,延安市,县
610681,子长市,610600,延安市,县级市
610702,汉台区,610700,汉中市,市辖区
610703,南郑区,610700,汉中市,市辖区
610722,城固县,610700,汉中市,县
610723,洋县,610700,汉中市,县
610724,西乡县,610700,汉中市,县
610725,勉县,610700,汉中市,县
610726,宁强县,610700,汉中市,县
610727,略阳县,610700,汉中市,县
610728,镇巴县,610700,汉中市,县
610729,留坝县,610700,汉中市,县
610730,佛坪县,610700,汉中市,县
610802,榆阳区,610800,榆林市,市辖区
610803,横山区,610800,榆林市,市辖区
610822,府谷县,610800,榆林市,县
610824,靖边县,610800,榆林市,县
610825,定边县,610800,榆林市,县
610826,绥德县,610800,榆林市,县
610827,米脂县,610800,榆林市,县
610828,佳县,610800,榆林市,县
610829,吴堡县,610800,榆林市,县
610830,清涧县,610800,榆林市,县
610831,子洲县,610800,榆林市,县
610881,神木市,610800,榆林市,县级市
610902,汉滨区,610900,安康市,市辖区
610921,汉阴县,610900,安康市,县
610922,石泉县,610900,安康市,县
610923,宁陕县,610900,安康市,县
610924,紫阳县,610900,安康市,县
610925,岚皋县,610900,安康市,县
610926,平利县,610900,安康市,县
610927,镇坪县,610900,安康市,县
610928,旬阳县,610900,安康市,县
610929,白河县,610900,安康市,县
611002,商州区,611000,商洛市,市辖区
611021,洛南县,611000,商洛市,县
611022,丹凤县,611000,商洛市,县
611023,商南县,611000,商洛市,县
611024,山阳县,611000,商洛市,县
611025,镇安县,611000,商洛市,县
611026,柞水县,611000,商洛市,县
620102,城关区,620100,兰州市,市辖区
620103,七里河区,620100,兰州市,市辖区
620104,西固区,620100,兰州市,市辖区
620105,安宁区,620100,兰州市,市辖区
620111,红古区,620100,兰州市,市辖区
620121,永登县,620100,兰州市,县
620122,皋兰县,620100,兰州市,县
620123,榆中县,620100,兰州市,县
620200,嘉峪关市,620200,嘉峪关市,地级市
620302,金川区,620300,金昌市,市辖区
620321,永昌县,620300,金昌市,县
620402,白银区,620400,白银市,市辖区
620403,平川区,620400,白银市,市辖区
620421,靖远县,620400,白银市,县
620422,会宁县,620400,白银市,县
620423,景泰县,620400,白银市,县
620502,秦州区,620500,天水市,市辖区
620503,麦积区,620500,天水市,市辖区
620521,清水县,620500,天水市,县
620522,秦安县,620500,天水市,县
620523,甘谷县,620500,天水市,县
620524,武山县,620500,天水市,县
620525,张家川回族自治县,620500,天水市,自治县
620602,凉州区,620600,武威市,市辖区
620621,民勤县,620600,武威市,县
620622,古浪县,620600,武威市,县
620623,天祝藏族自治县,620600,武威市,自治县
620702,甘州区,620700,张掖市,市辖区
620721,肃南裕固族自治县,620700,张掖市,自治县
620722,民乐县,620700,张掖市,县
620723,临泽县,620700,张掖市,县
620724,高台县,620700,张掖市,县
620725,山丹县,620700,张掖市,县
620802,崆峒区,620800,平凉市,市辖区
620821,泾川县,620800,平凉市,县
620822,灵台县,620800,平凉市,县
620823,崇信县,620800,平凉市,县
620825,庄浪县,620800,平凉市,县
620826,静宁县,620800,平凉市,县
620881,华亭市,620800,平凉市,县级市
620902,肃州区,620900,酒泉市,市辖区
620921,金塔县,620900,酒泉市,县
620922,瓜州县,620900,酒泉市,县
620923,肃北蒙古族自治县,620900,酒泉市,自治县
620924,阿克塞哈萨克族自治县,620900,酒泉市,自治县
620981,玉门市,620900,酒泉市,县级市
620982,敦煌市,620900,酒泉市,县级市
621002,西峰区,621000,庆阳市,市辖区
621021,庆城县,621000,庆阳市,县
621022,环县,621000,庆阳市,县
621023,华池县,621000,庆阳市,县
621024,合水县,621000,庆阳市,县
621025,正宁县,621000,庆阳市,县
621026,宁县,621000,庆阳市,县
621027,镇原县,621000,庆阳市,县
621102,安定区,621100,定西市,市辖区
621121,通渭县,621100,定西市,县
621122,陇西县,621100,定西市,县
621123,渭源县,621100,定西市,县
621124,临洮县,621100,定西市,县
621125,漳县,621100,定西市,县
621126,岷县,621100,定西市,县
621202,武都区,621200,陇南市,市辖区
621221,成县,621200,陇南市,县
621222,文县,621200,陇南市,县
621223,宕昌县,621200,陇南市,县
621224,康县,621200,陇南市,县
621225,西和县,621200,陇南市,县
621226,礼县,621200,陇南市,县
621227,徽县,621200,陇南市,县
621228,两当县,621200,陇南市,县
622901,临夏市,622900,临夏回族自治州,县级市
622921,临夏县,622900,临夏回族自治州,县
622922,康乐县,622900,临夏回族自治州,县
622923,永靖县,622900,临夏回族自治州,县
622924,广河县,622900,临夏回族自治州,县
622925,和政县,622900,临夏回族自治州,县
622926,东乡族自治县,622900,临夏回族自治州,自治县
622927,积石山保安族东乡族撒拉族自治县,622900,临夏回族自治州,自治县
623001,合作市,623000,甘南藏族自治州,县级市
623021,临潭县,623000,甘南藏族自治州,县
623022,卓尼县,623000,甘南藏族自治州,县
623023,舟曲县,623000,甘南藏族自治州,县
623024,迭部县,623000,甘南藏族自治州,县
623025,玛曲县,623000,甘南藏族自治州,县
623026,碌曲县,623000,甘南藏族自治州,县
623027,夏河县,623000,甘南藏族自治州,县
630102,城东区,630100,西宁市,市辖区
630103,城中区,630100,西宁市,市辖区
630104,城西区,630100,西宁市,市辖区
630105,城北区,630100,西宁市,市辖区
630121,大通回族土族自治县,630100,西宁市,自治县
630122,湟中区,630100,西宁市,市辖区
630123,湟源县,630100,西宁市,县
630202,乐都区,630200,海东市,市辖区
630203,平安区,630200,海东市,市辖区
630222,民和回族土族自治县,630200,海东市,自治县
630223,互助土族自治县,630200,海东市,自治县
630224,化隆回族自治县,630200,海东市,自治县
630225,循化撒拉族自治县,630200,海东市,自治县
632221,门源回族自治县,632200,海北藏族自治州,自治县
632222,祁连县,632200,海北藏族自治州,县
632223,海晏县,632200,海北藏族自治州,县
632224,刚察县,632200,海北藏族自治州,县
632321,同仁县,632300,黄南藏族自治州,县
632322,尖扎县,632300,黄南藏族自治州,县
632323,泽库县,632300,黄南藏族自治州,县
632324,河南蒙古族自治县,632300,黄南藏族自治州,自治县
632521,共和县,632500,海南藏族自治州,县
632522,同德县,632500,海南藏族自治州,县
632523,贵德县,632500,海南藏族自治州,县
632524,兴海县,632500,海南藏族自治州,县
632525,贵南县,632500,海南藏族自治州,县
632621,玛沁县,632600,果洛藏族自治州,县
632622,班玛县,632600,果洛藏族自治州,县
632623,甘德县,632600,果洛藏族自治州,县
632624,达日县,632600,果洛藏族自治州,县
632625,久治县,632600,果洛藏族自治州,县
632626,玛多县,632600,果洛藏族自治州,县
632701,玉树市,632700,玉树藏族自治州,县级市
632722,杂多县,632700,玉树藏族自治州,县
632723,称多县,632700,玉树藏族自治州,县
632724,治多县,632700,玉树藏族自治州,县
632725,囊谦县,632700,玉树藏族自治州,县
632726,曲麻莱县,632700,玉树藏族自治州,县
632800,自治州直辖,632800,海西蒙古族藏族自治州,市辖区
632801,格尔木市,632800,海西蒙古族藏族自治州,县级市
632802,德令哈市,632800,海西蒙古族藏族自治州,县级市
632803,茫崖市,632800,海西蒙古族藏族自治州,县级市
632821,乌兰县,632800,海西蒙古族藏族自治州,县
632822,都兰县,632800,海西蒙古族藏族自治州,县
632823,天峻县,632800,海西蒙古族藏族自治州,县
640104,兴庆区,640100,银川市,市辖区
640105,西夏区,640100,银川市,市辖区
640106,金凤区,640100,银川市,市辖区
640121,永宁县,640100,银川市,县
640122,贺兰县,640100,银川市,县
640181,灵武市,640100,银川市,县级市
640202,大武口区,640200,石嘴山市,市辖区
640205,惠农区,640200,石嘴山市,市辖区
640221,平罗县,640200,石嘴山市,县
640302,利通区,640300,吴忠市,市辖区
640303,红寺堡区,640300,吴忠市,市辖区
640323,盐池县,640300,吴忠市,县
640324,同心县,640300,吴忠市,县
640381,青铜峡市,640300,吴忠市,县级市
640402,原州区,640400,固原市,市辖区
640422,西吉县,640400,固原市,县
640423,隆德县,640400,固原市,县
640424,泾源县,640400,固原市,县
640425,彭阳县,640400,固原市,县
640502,沙坡头区,640500,中卫市,市辖区
640521,中宁县,640500,中卫市,县
640522,海原县,640500,中卫市,县
650102,天山区,650100,乌鲁木齐市,市辖区
650103,沙依巴克区,650100,乌鲁木齐市,市辖区
650104,新市区,650100,乌鲁木齐市,市辖区
650105,水磨沟区,650100,乌鲁木齐市,市辖区
650106,头屯河区,650100,乌鲁木齐市,市辖区
650107,达坂城区,650100,乌鲁木齐市,市辖区
650109,米东区,650100,乌鲁木齐市,市辖区
650121,乌鲁木齐县,650100,乌鲁木齐市,县
650202,独山子区,650200,克拉玛依市,市辖区
650203,克拉玛依区,650200,克拉玛依市,市辖区
650204,白碱滩区,650200,克拉玛依市,市辖区
650205,乌尔禾区,650200,克拉玛依市,市辖区
650402,高昌区,650400,吐鲁番市,市辖区
650421,鄯善县,650400,吐鲁番市,县
650422,托克逊县,650400,吐鲁番市,县
650502,伊州区,650500,哈密市,市辖区
650521,巴里坤哈萨克自治县,650500,哈密市,自治县
650522,伊吾县,650500,哈密市,县
652301,昌吉市,652300,昌吉回族自治州,县级市
652302,阜康市,652300,昌吉回族自治州,县级市
652323,呼图壁县,652300,昌吉回族自治州,县
652324,玛纳斯县,652300,昌吉回族自治州,县
652325,奇台县,652300,昌吉回族自治州,县
652327,吉木萨尔县,652300,昌吉回族自治州,县
652328,木垒哈萨克自治县,652300,昌吉回族自治州,自治县
652701,博乐市,652700,博尔塔拉蒙古自治州,县级市
652702,阿拉山口市,652700,博尔塔拉蒙古自治州,县级市
652722,精河县,652700,博尔塔拉蒙古自治州,县
652723,温泉县,652700,博尔塔拉蒙古自治州,县
652801,库尔勒市,652800,巴音郭楞蒙古自治州,县级市
652822,轮台县,652800,巴音郭楞蒙古自治州,县
652823,尉犁县,652800,巴音郭楞蒙古自治州,县
652824,若羌县,652800,巴音郭楞蒙古自治州,县
652825,且末县,652800,巴音郭楞蒙古自治州,县
652826,焉耆回族自治县,652800,巴音郭楞蒙古自治州,自治县
652827,和静县,652800,巴音郭楞蒙古自治州,县
652828,和硕县,652800,巴音郭楞蒙古自治州,县
652829,博湖县,652800,巴音郭楞蒙古自治州,县
652901,阿克苏市,652900,阿克苏地区,县级市
652902,库车市,652900,阿克苏地区,县级市
652922,温宿县,652900,阿克苏地区,县
652924,沙雅县,652900,阿克苏地区,县
652925,新和县,652900,阿克苏地区,县
652926,拜城县,652900,阿克苏地区,县
652927,乌什县,652900,阿克苏地区,县
652928,阿瓦提县,652900,阿克苏地区,县
652929,柯坪县,652900,阿克苏地区,县
653001,阿图什市,653000,克孜勒苏柯尔克孜自治州,县级市
653022,阿克陶县,653000,克孜勒苏柯尔克孜自治州,县
653023,阿合奇县,653000,克孜勒苏柯尔克孜自治州,县
653024,乌恰县,653000,克孜勒苏柯尔克孜自治州,县
653101,喀什市,653100,喀什地区,县级市
653121,疏附县,653100,喀什地区,县
653122,疏勒县,653100,喀什地区,县
653123,英吉沙县,653100,喀什地区,县
653124,泽普县,653100,喀什地区,县
653125,莎车县,653100,喀什地区,县
653126,叶城县,653100,喀什地区,县
653127,麦盖提县,653100,喀什地区,县
653128,岳普湖县,653100,喀什地区,县
653129,伽师县,653100,喀什地区,县
653130,巴楚县,653100,喀什地区,县
653131,塔什库尔干塔吉克自治县,653100,喀什地区,自治县
653201,和田市,653200,和田地区,县级市
653221,和田县,653200,和田地区,县
653222,墨玉县,653200,和田地区,县
653223,皮山县,653200,和田地区,县
653224,洛浦县,653200,和田地区,县
653225,策勒县,653200,和田地区,县
653226,于田县,653200,和田地区,县
653227,民丰县,653200,和田地区,县
654002,伊宁市,654000,伊犁哈萨克自治州,县级市
654003,奎屯市,654000,伊犁哈萨克自治州,县级市
654004,霍尔果斯市,654000,伊犁哈萨克自治州,县级市
654021,伊宁县,654000,伊犁哈萨克自治州,县
654022,察布查尔锡伯自治县,654000,伊犁哈萨克自治州,自治县
654023,霍城县,654000,伊犁哈萨克自治州,县
654024,巩留县,654000,伊犁哈萨克自治州,县
654025,新源县,654000,伊犁哈萨克自治州,县
654026,昭苏县,654000,伊犁哈萨克自治州,县
654027,特克斯县,654000,伊犁哈萨克自治州,县
654028,尼勒克县,654000,伊犁哈萨克自治州,县
654201,塔城市,654200,塔城地区,县级市
654202,乌苏市,654200,塔城地区,县级市
654221,额敏县,654200,塔城地区,县
654223,沙湾县,654200,塔城地区,县
654224,托里县,654200,塔城地区,县
654225,裕民县,654200,塔城地区,县
654226,和布克赛尔蒙古自治县,654200,塔城地区,自治县
654301,阿勒泰市,654300,阿勒泰地区,县级市
654321,布尔津县,654300,阿勒泰地区,县
654322,富蕴县,654300,阿勒泰地区,县
654323,福海县,654300,阿勒泰地区,县
654324,哈巴河县,654300,阿勒泰地区,县
654325,青河县,654300,阿勒泰地区,县
654326,吉木乃县,654300,阿勒泰地区,县
659001,石河子市,659001,石河子市,县级市
659002,阿拉尔市,659002,阿拉尔市,县级市
659003,图木舒克市,659003,图木舒克市,县级市
659004,五家渠市,659004,五家渠市,县级市
659005,北屯市,659005,北屯市,县级市
659006,铁门关市,659006,铁门关市,县级市
659007,双河市,659007,双河市,县级市
659008,可克达拉市,659008,可克达拉市,县级市
659009,昆玉市,659009,昆玉市,县级市
659010,胡杨河市,659010,胡杨河市,县级市
710001,基隆市,710000,台湾省,不统计
710002,新竹市,710000,台湾省,不统计
710003,台中市,710000,台湾省,不统计
710004,嘉义市,710000,台湾省,不统计
710005,台南市,710000,台湾省,不统计
710021,台北县,710000,台湾省,不统计
710022,桃园县,710000,台湾省,不统计
710023,新竹县,710000,台湾省,不统计
710024, ,710000,台湾省,不统计
710024,苗栗县,710000,台湾省,不统计
710025,台中县,710000,台湾省,不统计
710026,南投县,710000,台湾省,不统计
710027,彰化县,710000,台湾省,不统计
710028,云林县,710000,台湾省,不统计
710029,嘉义县,710000,台湾省,不统计
710030,台南县,710000,台湾省,不统计
710031,高雄县,710000,台湾省,不统计
710032,屏东县,710000,台湾省,不统计
710033,宜兰县,710000,台湾省,不统计
710034,花莲县,710000,台湾省,不统计
710035,台东县,710000,台湾省,不统计
710036,澎湖县,710000,台湾省,不统计
710102,北投区,710100,台北市,不统计
710103,士林区,710100,台北市,不统计
710104,内湖区,710100,台北市,不统计
710105,南港区,710100,台北市,不统计
710106,文山区,710100,台北市,不统计
710107,信义区,710100,台北市,不统计
710108,大安区,710100,台北市,不统计
710109,中正区,710100,台北市,不统计
710110,万华区,710100,台北市,不统计
710111,大同区,710100,台北市,不统计
710112,松山区,710100,台北市,不统计
710113,中山区,710100,台北市,不统计
710202,楠梓区,710200,台北市,不统计
710203,左营区,710200,台北市,不统计
710204,鼓山区,710200,台北市,不统计
710205,三民区,710200,台北市,不统计
710206,新兴区,710200,台北市,不统计
710207,苓雅区,710200,台北市,不统计
710208,前金区,710200,台北市,不统计
710209,盐埕区,710200,台北市,不统计
710210,前镇区,710200,台北市,不统计
710211,旗津区,710200,台北市,不统计
710212,小港区,710200,台北市,不统计
810000,香港特别行政区,810000,香港特别行政区,不统计
820000,澳门特别行政区,820000,澳门特别行政区,不统计
